theta_z_deg,open_step,align_deg,tilt_deg,cost,t_flight,release_x,release_y,release_z,vel_x,vel_y,vel_z,land_x,land_y,land_z
25.0,0.05171428571428571,44.950704973809394,90,0.6443090713149255,0.12115650656307651,0.6470323183142009,0.4609749587783011,0.072,0.0,0.0,0.0,0.6470323183142009,0.4609749587783011,0.0
25.0,0.05171428571428571,44.950704973809394,75,0.6551038005859208,0.12115650656307651,0.5083422552359915,0.5670639174708499,0.072,0.0,0.0,0.0,0.5083422552359915,0.5670639174708499,0.0
-5.0,0.05171428571428571,44.950704973809394,60,0.6703637229733496,0.12115650656307651,0.6368482167813371,0.43652124847178575,0.072,0.0,0.0,0.0,0.6368482167813371,0.43652124847178575,0.0
-5.0,0.05171428571428571,44.950704973809394,75,0.6703637229733496,0.12115650656307651,0.6368482167813371,0.43652124847178575,0.072,0.0,0.0,0.0,0.6368482167813371,0.43652124847178575,0.0
-5.0,0.05171428571428571,44.950704973809394,90,0.6703637229733496,0.12115650656307651,0.6368482167813371,0.43652124847178575,0.072,0.0,0.0,0.0,0.6368482167813371,0.43652124847178575,0.0
-5.0,0.055857142857142855,44.950704973809394,60,0.844290669313717,0.12115650656307651,0.2836978824399491,0.5530794134645494,0.072,0.0,0.0,0.0,0.2836978824399491,0.5530794134645494,0.0
-5.0,0.055857142857142855,44.950704973809394,75,0.844290669313717,0.12115650656307651,0.2836978824399491,0.5530794134645494,0.072,0.0,0.0,0.0,0.2836978824399491,0.5530794134645494,0.0
-5.0,0.055857142857142855,44.950704973809394,90,0.844290669313717,0.12115650656307651,0.2836978824399491,0.5530794134645494,0.072,0.0,0.0,0.0,0.2836978824399491,0.5530794134645494,0.0
35.0,0.055857142857142855,44.950704973809394,60,0.9226985584949877,0.12115650656307651,1.6238257501127822,0.32013673187548003,0.072,0.0,0.0,0.0,1.6238257501127822,0.32013673187548003,0.0
15.0,0.04342857142857143,44.950704973809394,60,0.9464776187138108,0.12115650656307651,0.5378021971178956,0.17405019902107796,0.072,0.0,0.0,0.0,0.5378021971178956,0.17405019902107796,0.0
-5.0,0.039285714285714285,44.950704973809394,60,0.9826521899396654,0.12115650656307651,0.30900415794657976,0.30133693910576254,0.072,0.0,0.0,0.0,0.30900415794657976,0.30133693910576254,0.0
-5.0,0.039285714285714285,44.950704973809394,90,0.9846932590659481,0.12115650656307651,0.30284433466597593,0.30459019798208736,0.072,0.0,0.0,0.0,0.30284433466597593,0.30459019798208736,0.0
25.0,0.03514285714285714,44.950704973809394,60,0.9947613607054623,0.12115650656307651,0.3197192594782418,0.2742119601235142,0.072,0.0,0.0,0.0,0.3197192594782418,0.2742119601235142,0.0
25.0,0.03514285714285714,44.950704973809394,90,1.0255449518419817,0.12115650656307651,0.28862568304503433,0.26129232478237463,0.072,0.0,0.0,0.0,0.28862568304503433,0.26129232478237463,0.0
-5.0,0.039285714285714285,44.950704973809394,75,1.0266714210495935,0.12115650656307651,0.247974077995506,0.30106422367052765,0.072,0.0,0.0,0.0,0.247974077995506,0.30106422367052765,0.0
25.0,0.03514285714285714,44.950704973809394,75,1.032530650863172,0.12115650656307651,0.286317383043545,0.25382531051628976,0.072,0.0,0.0,0.0,0.286317383043545,0.25382531051628976,0.0
35.0,0.039285714285714285,44.950704973809394,60,1.0652741838904396,0.12115650656307651,0.5422858580690707,0.03807128583253373,0.072,0.0,0.0,0.0,0.5422858580690707,0.03807128583253373,0.0
35.0,0.039285714285714285,44.950704973809394,75,1.0677301448867427,0.12115650656307651,0.5446837293240016,0.034218059830499026,0.072,0.0,0.0,0.0,0.5446837293240016,0.034218059830499026,0.0
35.0,0.039285714285714285,44.950704973809394,90,1.0703749028675853,0.12115650656307651,0.5461562952842169,0.03060414464541599,0.072,0.0,0.0,0.0,0.5461562952842169,0.03060414464541599,0.0
15.0,0.03514285714285714,44.950704973809394,90,1.1213019830095439,0.12115650656307651,0.33980155147049856,0.09365782087537446,0.072,0.0,0.0,0.0,0.33980155147049856,0.09365782087537446,0.0
15.0,0.03514285714285714,44.950704973809394,75,1.134393822808452,0.12115650656307651,0.27182740350680495,0.13016437475674042,0.072,0.0,0.0,0.0,0.27182740350680495,0.13016437475674042,0.0
5.0,0.031,44.950704973809394,90,1.1348153778516623,0.12115650656307651,0.3415219734920588,0.07576375833079435,0.072,0.0,0.0,0.0,0.3415219734920588,0.07576375833079435,0.0
15.0,0.03514285714285714,44.950704973809394,60,1.1449478643497122,0.12115650656307651,0.2726213873834658,0.11579076798134888,0.072,0.0,0.0,0.0,0.2726213873834658,0.11579076798134888,0.0
-5.0,0.06,44.950704973809394,60,1.1677238076028134,0.12115650656307651,0.49755509423470773,-0.05410056802608666,0.072,0.0,0.0,0.0,0.49755509423470773,-0.05410056802608666,0.0
-5.0,0.06,44.950704973809394,75,1.1677238076028134,0.12115650656307651,0.49755509423470773,-0.05410056802608666,0.072,0.0,0.0,0.0,0.49755509423470773,-0.05410056802608666,0.0
-5.0,0.06,44.950704973809394,90,1.1677238076028134,0.12115650656307651,0.49755509423470773,-0.05410056802608666,0.072,0.0,0.0,0.0,0.49755509423470773,-0.05410056802608666,0.0
35.0,0.031,44.950704973809394,75,1.168212769232004,0.12115650656307651,0.4575132284211923,-0.03461547294572662,0.072,0.0,0.0,0.0,0.4575132284211923,-0.03461547294572662,0.0
5.0,0.04757142857142857,44.950704973809394,75,1.1697531890073536,0.12115650656307651,0.2864381426625744,0.07309547474077073,0.072,0.0,0.0,0.0,0.2864381426625744,0.07309547474077073,0.0
5.0,0.04757142857142857,44.950704973809394,90,1.1697531890073536,0.12115650656307651,0.2864381426625744,0.07309547474077073,0.072,0.0,0.0,0.0,0.2864381426625744,0.07309547474077073,0.0
5.0,0.04757142857142857,44.950704973809394,60,1.170702965512752,0.12115650656307651,0.28699030430892236,0.07147288283493371,0.072,0.0,0.0,0.0,0.28699030430892236,0.07147288283493371,0.0
45.0,0.03514285714285714,44.950704973809394,90,1.1761157000681004,0.12115650656307651,0.6185985703267509,-0.11255610617616923,0.072,0.0,0.0,0.0,0.6185985703267509,-0.11255610617616923,0.0
45.0,0.06,44.950704973809394,60,1.1998957812255882,0.12115650656307651,2.1611619575625545,0.6975883697466964,0.072,0.0,0.0,0.0,2.1611619575625545,0.6975883697466964,0.0
45.0,0.039285714285714285,44.950704973809394,60,1.21077631385404,0.12115650656307651,0.5254075917029757,-0.11388568900799106,0.072,0.0,0.0,0.0,0.5254075917029757,-0.11388568900799106,0.0
-5.0,0.03514285714285714,44.950704973809394,90,1.2121539765664588,0.12115650656307651,0.42019223839011466,-0.06449059295177147,0.072,0.0,0.0,0.0,0.42019223839011466,-0.06449059295177147,0.0
25.0,0.031,44.950704973809394,90,1.2146887733918639,0.12115650656307651,0.14173234749479136,0.14043880213946996,0.072,0.0,0.0,0.0,0.14173234749479136,0.14043880213946996,0.0
15.0,0.031,44.950704973809394,75,1.216562709289326,0.12115650656307651,0.21490419381457088,0.07067260841862816,0.072,0.0,0.0,0.0,0.21490419381457088,0.07067260841862816,0.0
25.0,0.05171428571428571,44.950704973809394,60,1.2235301096076585,0.546512268475142,-0.020528893943908395,0.339846138508886,1.4750251184637189,-0.016412479996356366,-0.0018772574039260803,-0.018336291303882035,-0.029498515618020003,0.33882019430655463,0.0
-5.0,0.03514285714285714,44.950704973809394,75,1.2236105852904073,0.12115650656307651,0.40216888937901085,-0.06762391674615825,0.072,0.0,0.0,0.0,0.40216888937901085,-0.06762391674615825,0.0
35.0,0.03514285714285714,44.950704973809394,90,1.2310190551233768,0.12115650656307651,0.33590930854338064,-0.036528565741205596,0.072,0.0,0.0,0.0,0.33590930854338064,-0.036528565741205596,0.0
35.0,0.03514285714285714,44.950704973809394,75,1.2339630825403292,0.12115650656307651,0.33716317145762387,-0.04082286091357342,0.072,0.0,0.0,0.0,0.33716317145762387,-0.04082286091357342,0.0
-5.0,0.03514285714285714,44.950704973809394,60,1.2357236957090567,0.12115650656307651,0.38412353685793466,-0.07131192203039996,0.072,0.0,0.0,0.0,0.38412353685793466,-0.07131192203039996,0.0
35.0,0.03514285714285714,44.950704973809394,60,1.243368926269319,0.12115650656307651,0.3279436192721892,-0.04609106101484056,0.072,0.0,0.0,0.0,0.3279436192721892,-0.04609106101484056,0.0
-45.0,0.026857142857142857,44.950704973809394,75,1.2445356520990796,0.12115650656307651,0.21099913242555585,0.037530976959541135,0.072,0.0,0.0,0.0,0.21099913242555585,0.037530976959541135,0.0
-5.0,0.002,44.950704973809394,90,1.2493586670128765,0.12115650656307651,0.2506830469803579,0.0002894505120238784,0.072,0.0,0.0,0.0,0.2506830469803579,0.0002894505120238784,0.0
-45.0,0.03514285714285714,44.950704973809394,90,1.250621236866723,0.12115650656307651,0.3974742129506627,-0.09590882560668733,0.072,0.0,0.0,0.0,0.3974742129506627,-0.09590882560668733,0.0
-45.0,0.03514285714285714,44.950704973809394,75,1.2513366673233608,0.12115650656307651,0.3968470368055864,-0.0963803892708651,0.072,0.0,0.0,0.0,0.3968470368055864,-0.0963803892708651,0.0
-45.0,0.03514285714285714,44.950704973809394,60,1.2524685786136285,0.12115650656307651,0.39485806994033423,-0.09657684860574424,0.072,0.0,0.0,0.0,0.39485806994033423,-0.09657684860574424,0.0
45.0,0.03514285714285714,44.950704973809394,60,1.2657591015977998,0.12115650656307651,0.599120801495351,-0.20060067111589583,0.072,0.0,0.0,0.0,0.599120801495351,-0.20060067111589583,0.0
-35.0,0.031,44.950704973809394,75,1.2692798707453516,0.12115650656307651,0.10515363420738422,0.09982147775728158,0.072,0.0,0.0,0.0,0.10515363420738422,0.09982147775728158,0.0
-15.0,0.018571428571428572,44.950704973809394,90,1.269351409810034,0.12115650656307651,0.22503860656559962,-0.005329717193783823,0.072,0.0,0.0,0.0,0.22503860656559962,-0.005329717193783823,0.0
-35.0,0.031,44.950704973809394,90,1.2818029273659737,0.12115650656307651,0.08661769165291947,0.100693876701299,0.072,0.0,0.0,0.0,0.08661769165291947,0.100693876701299,0.0
35.0,0.031,44.950704973809394,90,1.2848749758190046,0.12115650656307651,0.41530287358978,-0.14412978890225497,0.072,0.0,0.0,0.0,0.41530287358978,-0.14412978890225497,0.0
45.0,0.03514285714285714,44.950704973809394,75,1.29166325684533,0.12115650656307651,0.24722855331126506,-0.049632849207014024,0.072,0.0,0.0,0.0,0.24722855331126506,-0.049632849207014024,0.0
-45.0,0.010285714285714285,44.950704973809394,90,1.291666285858061,0.12115650656307651,0.16354216050128156,0.015754056770618863,0.072,0.0,0.0,0.0,0.16354216050128156,0.015754056770618863,0.0
-25.0,0.031,44.950704973809394,90,1.2925550263219867,0.12115650656307651,0.08413369984939323,0.08792137602141428,0.072,0.0,0.0,0.0,0.08413369984939323,0.08792137602141428,0.0
15.0,0.04757142857142857,44.950704973809394,75,1.29372569534311,0.12115650656307651,0.7138429400646281,-0.2616815413725278,0.072,0.0,0.0,0.0,0.7138429400646281,-0.2616815413725278,0.0
25.0,0.026857142857142857,44.950704973809394,60,1.2988002168557868,0.38632078613727466,0.06516452768255977,0.08714730228964425,0.732423764895872,0.0016405658836027293,0.0273102710905071,-0.0009918496031691149,0.06579831238442317,0.09769782768695104,0.0
5.0,0.031,44.950704973809394,75,1.298868224053157,0.41465661547033916,0.06879946805322108,0.09410687233091715,0.8451579552961954,0.00030194091220292485,0.0006456239853536161,-0.0043209773926911055,0.06892466984994718,0.09437458458755035,0.0
25.0,0.026857142857142857,44.950704973809394,75,1.2991345261793146,0.38804748124008026,0.061056374546537874,0.10102559783462858,0.741027228120519,-0.0008070094840884057,0.0037407341942818917,-0.006257404790002141,0.06074321654890051,0.10247718031670831,0.0
-45.0,0.031,44.950704973809394,60,1.3042465729598414,0.12115650656307651,0.2203681389045428,-0.045577966601402814,0.072,0.0,0.0,0.0,0.2203681389045428,-0.045577966601402814,0.0
15.0,0.031,44.950704973809394,90,1.3046776362635693,0.12115650656307651,0.10193151936282457,0.05360857006610144,0.072,0.0,0.0,0.0,0.10193151936282457,0.05360857006610144,0.0
45.0,0.022714285714285715,44.950704973809394,90,1.3094317375812945,0.35848283962454564,0.09110098969010565,0.05825616034671771,0.6239680183855674,-0.0032111736033435534,0.0006832655857552661,0.017778447215199833,0.08994983905825167,0.058501099334116985,0.0
-35.0,0.022714285714285715,44.950704973809394,90,1.31085162734283,0.12115650656307651,0.12233957992242436,0.026324399023679355,0.072,0.0,0.0,0.0,0.12233957992242436,0.026324399023679355,0.0
5.0,0.026857142857142857,44.950704973809394,75,1.3116481054903835,0.38324120841175785,0.054358889274162686,0.09101136469388052,0.716506023460138,0.0035574450584030526,-0.0035854294235482254,0.010202666924108428,0.05572224881720351,0.08963728038892482,0.0
-45.0,0.031,44.950704973809394,90,1.3170033118644708,0.12115650656307651,0.2075077181456142,-0.05188103256176886,0.072,0.0,0.0,0.0,0.2075077181456142,-0.05188103256176886,0.0
35.0,0.014428571428571428,44.950704973809394,90,1.3178725424511133,0.3192509070116138,0.08969071582172965,0.018441961294835135,0.5120343792116288,0.03282863530614133,0.05857344146700638,-0.03793624156291919,0.10017128741916875,0.037141585609968594,0.0
-45.0,0.031,44.950704973809394,75,1.3260505616801423,0.12115650656307651,0.19777752362992868,-0.05586419133281101,0.072,0.0,0.0,0.0,0.19777752362992868,-0.05586419133281101,0.0
35.0,0.022714285714285715,44.950704973809394,90,1.32628210380367,0.35801676762089085,0.0820091779815107,0.04320428826387429,0.6334015938354564,0.0005617783360400974,-0.0017922216879373565,-0.01312308621298719,0.08221030404549921,0.0425626428482989,0.0
45.0,0.039285714285714285,44.950704973809394,75,1.3302327236804214,0.12115650656307651,0.44503963978945416,-0.20894089919450315,0.072,0.0,0.0,0.0,0.44503963978945416,-0.20894089919450315,0.0
5.0,0.026857142857142857,44.950704973809394,60,1.331229809234686,0.3791936871065874,0.023051778670875784,0.09617184583681307,0.707040906193818,0.0026013674817923493,-0.0040319414087941485,-0.004645358081400985,0.024038200797815802,0.09464295910781469,0.0
35.0,0.026857142857142857,44.950704973809394,60,1.3317008109137543,0.38323253048978567,0.07482499992559924,0.04224849453041371,0.7213972256263597,-0.0006334674383745575,0.00035276013566232223,-0.00264524746235395,0.07458223459620808,0.0423836836898595,0.0
25.0,0.014428571428571428,44.950704973809394,90,1.3323482510556277,0.3209559445923811,0.08896262981047447,0.02403914878571034,0.5105597367556285,-0.004840631589154709,0.01627718740882328,-0.01645818762282758,0.0874090003263536,0.02926340884581643,0.0
35.0,0.022714285714285715,44.950704973809394,75,1.3331816936848389,0.359792539551713,0.08066567549956818,0.03750311846674884,0.6314688849923615,0.004170028885976951,-0.012322166540084112,0.009690747904933517,0.08216602078245783,0.033069694874512834,0.0
15.0,0.022714285714285715,44.950704973809394,60,1.3331974955241703,0.3570492229529865,0.026704839334352436,0.09332412516255564,0.6319498826276084,-0.008362579020954608,-0.0034416149711313793,-0.018597263814523757,0.023718986993037646,0.09209529921140983,0.0
25.0,0.018571428571428572,44.950704973809394,75,1.3336282678676539,0.3423340657339007,0.07931626756851531,0.02840700114860035,0.5717299934860498,0.003419469174155143,0.016483055851236605,0.009054813529694172,0.08048686835355559,0.034049712673873134,0.0
35.0,0.006142857142857143,44.950704973809394,75,1.334527993004766,0.2941891703084639,0.03990440326249915,0.07210658685101662,0.4242175180760889,0.0035416509923630324,-0.00035681349434102394,0.0010089803933555075,0.04094631862946458,0.07200161618516157,0.0
-5.0,0.031,44.950704973809394,60,1.3368832154135384,0.4086245133987659,0.036111014357826814,0.07409505467618732,0.8189880450209047,5.73335940373676e-05,-0.0012154222520033287,4.745285724361281e-05,0.03613444226979173,0.07359840334988843,0.0
25.0,0.022714285714285715,44.950704973809394,90,1.337765143278339,0.3626791732741134,0.07996157399361346,0.025009002464882565,0.6450177892718479,0.0027986582000072424,0.007924228929541977,0.0004609776777897423,0.0809765890358689,0.02788295526188366,0.0
45.0,0.031,44.950704973809394,90,1.33833015148469,0.408669448625494,0.07018305524303646,0.039363778510164996,0.8164187562555619,-0.0005994691936650476,-0.00418704633603606,0.006775198685122774,0.0699380704981934,0.03765266059264774,0.0
5.0,0.026857142857142857,44.950704973809394,90,1.3384869722338342,0.38301683435337014,0.019857429781582836,0.08911257237723251,0.7210351941890598,0.005434477148084371,-0.007480676731523861,-0.003818101791690509,0.021938926015207843,0.08624734725670333,0.0
25.0,0.031,44.950704973809394,60,1.3397106514468216,0.4145043553126643,-0.007246494206181079,0.11651191318934312,0.8399420426409052,-9.46356132895676e-06,0.00038229108792586786,0.006766981901469293,-0.0072504168935687,0.11667037451028561,0.0
15.0,0.014428571428571428,44.950704973809394,75,1.339991662465587,0.31856333411717797,0.03276480155810006,0.06820028020937262,0.5046721510398726,-0.0018763629749951605,0.01583207257275121,-0.021659770214599305,0.032167061112771574,0.07324379803413338,0.0
15.0,0.022714285714285715,44.950704973809394,90,1.3414067941718015,0.3634561548327225,0.030892365797118616,0.07231046343962143,0.6426145577519052,-2.3355283032544527e-05,0.0006254921850368245,0.014686197605708884,0.030883877175752576,0.07253780242407283,0.0
-5.0,0.022714285714285715,44.950704973809394,90,1.3416031681994285,0.35676424486888286,0.054582565496472384,0.05262754477947961,0.6207574578296329,-0.005264468984325088,-0.00740932358032631,0.00996317679310188,0.05270439119464399,0.049984163047355284,0.0
25.0,0.026857142857142857,44.950704973809394,90,1.3418764438242297,0.3885004564353238,0.08133978163897174,0.025466182161397188,0.7405832274702812,-0.0027523340969137777,-0.006612760388421679,-0.0006661553558373612,0.08027049858605823,0.022897121732197937,0.0
35.0,0.010285714285714285,44.950704973809394,75,1.3436761653666534,0.3053073310024815,0.05302320470821607,0.043814604752215575,0.45818170814410747,0.0037868262043905254,0.0058314299094430755,-0.003190457714139505,0.0541793505096488,0.04559498305379568,0.0
15.0,0.031,44.950704973809394,60,1.3441608368163074,0.41504562139707724,-0.008051197214252973,0.11083751798616609,0.8421160869524257,-3.7862033598345946e-05,5.4821719613906694e-05,0.0068264298213360775,-0.008066911685515155,0.1108602715008493,0.0
35.0,0.022714285714285715,44.950704973809394,60,1.3447147614673318,0.35966727369906865,0.061093701094582904,0.03784440567828695,0.6302549409778304,2.1256378507361617e-05,-0.0014209539605508636,0.011840237202607184,0.06110134631828936,0.037333335041243726,0.0
25.0,0.006142857142857143,44.950704973809394,75,1.3457145579799912,0.2944613759091111,0.043447246870350495,0.0536876455117713,0.4224666482971825,-0.00042990988674995734,-0.00036823367293381537,0.00962315863934915,0.04332065501358117,0.05357921491778314,0.0
15.0,0.026857142857142857,44.950704973809394,75,1.347711199409222,0.3869097335027885,0.017455698483854025,0.0771285325696053,0.7369393672349078,0.0002367866298036425,0.0008116776431377204,-0.006888108741307519,0.017547313535688374,0.07744257855020188,0.0
35.0,0.018571428571428572,44.950704973809394,90,1.3496895401127813,0.3414373960961707,0.07848069231499184,0.006761950367167401,0.5702648691381043,-0.004912608500036164,0.025399275590618428,0.004561761764652061,0.07680334406069958,0.015434212887557183,0.0
-5.0,0.031,44.950704973809394,75,1.3501042765141111,0.40691264537539956,0.020320816102584734,0.06965362527598838,0.814962493388539,0.0015050225273538498,0.0017633170071984505,-0.0068881839386758514,0.02093322880053986,0.07037114126402294,0.0
15.0,0.014428571428571428,44.950704973809394,60,1.3526756103531314,0.32428723607230386,0.040995827820751375,0.05518607738741974,0.51134328616012,0.005590519224127344,-0.033817281224727824,0.013806775748053113,0.042808761848152715,0.04421956472757294,0.0
5.0,0.022714285714285715,44.950704973809394,60,1.3532106129188886,0.35619419624086224,0.006131617906989556,0.08293672534429695,0.6180783664097425,0.004503809008065338,-0.008535861128972089,0.011903904659273934,0.007735848536639744,0.07989630115023913,0.0
25.0,0.018571428571428572,44.950704973809394,90,1.3551209721776003,0.3436184429858863,0.07168559909216092,0.011512704296892102,0.5756569388868906,0.0018910474309763448,0.0019377206130405389,0.010168946750255259,0.07233539786600547,0.012178540836886749,0.0
-5.0,0.031,44.950704973809394,90,1.3554899262383733,0.4097870660788058,0.018668506968650644,0.06519167553877038,0.8209070342501377,-1.3008373778156113e-06,-0.0006183257434166922,0.006752889125563044,0.018667973902318145,0.06493829364649466,0.0
-15.0,0.022714285714285715,44.950704973809394,90,1.3559428575735133,0.35817926456595595,0.06165144176813894,0.018718120087968422,0.6259239317344564,0.0021949802247139827,0.00477873046055427,0.009353471273589875,0.062437638170763816,0.020429762249888683,0.0
-5.0,0.026857142857142857,44.950704973809394,75,1.356494607080138,0.37883585479966836,0.021554231674414844,0.056637709180842676,0.6992668262094449,0.0064016470104200085,0.0034595049476465745,0.012359233363055111,0.023979405091733047,0.05794829369486805,0.0
-5.0,0.026857142857142857,44.950704973809394,90,1.3571172776322677,0.37834961675561796,0.029178800652488134,0.05337667904251327,0.7074091485911255,-0.0032808921378041367,-0.0010692031271553049,-0.013918574116935645,0.02793747636953342,0.05297214644912015,0.0
25.0,0.002,44.950704973809394,60,1.357399819394565,0.28283799808982324,0.015709366314417016,0.06397739112901263,0.3945463376700603,-0.004778951113282859,0.009636206207624953,-0.007634824591740141,0.01435769734856696,0.066702876401958,0.0
25.0,0.031,44.950704973809394,75,1.360377574135558,0.4153194533362928,-0.04124880053914814,0.12424156947919614,0.843248630688851,2.557447450313166e-05,0.0006910711503549383,0.006780412754459064,-0.041238178962378136,0.12452858477157804,0.0
5.0,0.022714285714285715,44.950704973809394,75,1.3605072213370906,0.35564462528718893,0.0007390861847192757,0.08051987984276723,0.6256898878540236,-0.012147622266079202,0.0025071430782352966,-0.01487519971239415,-0.003581150384230775,0.08141153180336759,0.0
35.0,0.026857142857142857,44.950704973809394,75,1.3609066778837107,0.38717521593785403,0.09034181046909832,-0.013565757505227097,0.7327071794529204,0.0011291452533079838,0.0024620048829887553,0.0066510408704534285,0.09077898752637305,-0.012612530233015874,0.0
-45.0,0.010285714285714285,44.950704973809394,75,1.3615229298632958,0.12115650656307651,0.05431324438511356,0.020499490149125603,0.072,0.0,0.0,0.0,0.05431324438511356,0.020499490149125603,0.0
-5.0,0.026857142857142857,44.950704973809394,60,1.3616510203906522,0.3769041133860586,0.010024862648413608,0.06415160979476262,0.6938534088789443,0.0017762286202746558,0.0006300546275406216,0.007786481861522532,0.010694330521709169,0.0643890799755406,0.0
25.0,0.022714285714285715,44.950704973809394,75,1.3617576269854275,0.36033957894018703,0.07334399404446305,0.00012862601413446168,0.6431181650195114,-0.0011144879119373563,0.006661915829333102,-0.017290197313890587,0.07294239993954162,0.0025291779590113183,0.0
15.0,0.026857142857142857,44.950704973809394,90,1.361794054448593,0.3893832604349486,0.013170856015291653,0.06325376638654882,0.7412351749828774,-0.000513027991185383,-0.0037851638270847143,0.006311536905752035,0.012971091503389497,0.06177988695427815,0.0
35.0,0.006142857142857143,44.950704973809394,90,1.362287269995752,0.2990800029693158,0.04303236913950242,0.031218260895185812,0.43510878167222256,0.002122881833736545,-0.004684001106418367,0.012163362964954239,0.04366728064463985,0.02981736983036993,0.0
15.0,0.026857142857142857,44.950704973809394,60,1.3628340948081699,0.38551311496735957,-0.01605372597675034,0.09085404637910904,0.726383129154476,2.4166477341769355e-05,0.0022491358743736978,0.0067435981595664884,-0.016044409482792527,0.09172111775602368,0.0
5.0,0.014428571428571428,44.950704973809394,90,1.362865711275215,0.3239985327192724,0.04610561951231147,0.023373381475002467,0.5188864886890581,-0.009342929922228072,0.019173397447427576,-0.012295957974925997,0.04307852392621059,0.029585534115212444,0.0
25.0,0.010285714285714285,44.950704973809394,60,1.3649218342169964,0.3041474080688857,0.049750635095218605,0.025244417384574887,0.4507944260281633,-0.004255029836300328,-0.012503202573343475,0.009685325978345816,0.048456478799252085,0.02144160072933225,0.0
5.0,0.014428571428571428,44.950704973809394,60,1.3653842104683849,0.31724114167641565,0.006308661126330446,0.06270579572596856,0.49832766111077076,-0.0015306515073377353,0.00443271079900831,-0.014748830219883935,0.005823075494633897,0.06411203396056733,0.0
-5.0,0.022714285714285715,44.950704973809394,60,1.3665908888383478,0.3508571805184512,0.01468166611423584,0.04913056711582052,0.6089545309155142,0.0022167638719088056,0.008860114138000141,-0.014664934625692183,0.01545943363620893,0.05223920178135092,0.0
5.0,0.018571428571428572,44.950704973809394,60,1.3667250117374026,0.3337862990910213,-0.002946316651759486,0.06407467953581958,0.5473788407045344,0.023543485080884594,-0.002849513005164228,-0.002686258487409887,0.004912176101093657,0.06312355113561408,0.0
15.0,0.018571428571428572,44.950704973809394,90,1.3668780756695198,0.33986373354326016,0.04872184794421951,0.018497036374644334,0.5716872088801693,0.002236522452346845,-0.002282022757650326,-0.015075515377409587,0.04948196081502743,0.017721459600198608,0.0
15.0,0.018571428571428572,44.950704973809394,75,1.3671700495181245,0.33971259085617145,0.031753512610757255,0.035218641090077364,0.5669295200155187,0.0010836707519035205,-0.002382493584638379,-0.0025602209766617534,0.03212164920952146,0.03440927802174165,0.0
-25.0,0.022714285714285715,44.950704973809394,90,1.3684980770847515,0.12115650656307651,0.031195295828267352,0.033457485591356056,0.072,0.0,0.0,0.0,0.031195295828267352,0.033457485591356056,0.0
45.0,0.026857142857142857,44.950704973809394,60,1.3688849124085727,0.3807917764256876,0.09304170871324893,-0.026892286172889343,0.7113384157088706,0.0023351373507840556,0.002076153129365599,-0.0002672236177136966,0.09393090981325197,-0.026101704134626466,0.0
15.0,0.014428571428571428,44.950704973809394,90,1.3691171854592477,0.32488754207150533,0.056043944975272694,0.007197840311875387,0.5142490424594204,0.006445694870969021,-0.002667957767951909,0.010720942269228928,0.05813807093884473,0.006331054070294911,0.0
-5.0,0.022714285714285715,44.950704973809394,75,1.3696778125402949,0.3546066531830386,0.02661087836325466,0.038788036964572954,0.6177571081185989,0.00035722505312807407,-0.0071038648113724845,-0.0027455045110968967,0.02673755274377754,0.0362689592391474,0.0
35.0,0.018571428571428572,44.950704973809394,75,1.3699609494871932,0.3404711305605434,0.08094000281890232,-0.015970244969560093,0.5647508983348486,-4.146130847648699e-05,0.00014420599497022568,0.011277312305191245,0.08092588644033082,-0.015921146991418972,0.0
25.0,0.006142857142857143,44.950704973809394,60,1.3750178956087835,0.29316353873345596,0.03024367731536261,0.02224754365608605,0.4192523470996685,0.005817372457982695,0.00427316293859753,0.007869987454283134,0.03194911881127536,0.023500279224749957,0.0
15.0,0.010285714285714285,44.950704973809394,90,1.3751495910485705,0.30836900005430273,0.05675389531296573,-0.0004151980140758237,0.46706760349644966,-0.0055397649079824696,0.004432539096189628,-0.0020886967962407965,0.055045603547755256,0.0009516596347177747,0.0
-25.0,0.039285714285714285,44.950704973809394,90,1.3759417936105363,0.12115650656307651,0.46600186229199064,-0.2680937695330567,0.072,0.0,0.0,0.0,0.46600186229199064,-0.2680937695330567,0.0
15.0,0.018571428571428572,44.950704973809394,60,1.3760813360368598,0.3387158962113714,0.03724653676518592,0.009544825070661858,0.5639600582493536,0.008049000154141672,0.013524837757234454,-0.0035928932609863296,0.03997286106600148,0.01412590261271692,0.0
5.0,0.022714285714285715,44.950704973809394,90,1.377340215490969,0.36429405849819335,-0.010450083268553031,0.06343420466947103,0.6465705699303296,0.001760888099454766,-0.0002889281072993022,0.012003407556795409,-0.009808602196241484,0.06332894987664876,0.0
35.0,0.026857142857142857,44.950704973809394,90,1.378523010019018,0.38624394099616216,0.08216236594520603,-0.026594222902999003,0.7343798643418555,-0.0010754487134634338,-0.004084193069327502,-0.0068103873414315785,0.08174698039577866,-0.02817171772988527,0.0
25.0,0.010285714285714285,44.950704973809394,90,1.378723341371704,0.30442078453850974,0.06714363853834587,-0.015069162734923732,0.45828309670985656,0.00012462742809749017,-0.0005864021560043897,-0.012242487831133353,0.06718157771778233,-0.01524767573930966,0.0
-15.0,0.031,44.950704973809394,75,1.37916107442832,0.40606845308383566,0.005640012469688732,0.04190912550224568,0.805126958768652,0.00404207294934629,0.0017267978440999032,0.009028732069582546,0.007281370779481797,0.04261032363158783,0.0
-25.0,0.010285714285714285,44.950704973809394,75,1.379985327816962,0.12115650656307651,0.04380521730569431,0.004986913383408176,0.072,0.0,0.0,0.0,0.04380521730569431,0.004986913383408176,0.0
-15.0,0.026857142857142857,44.950704973809394,90,1.3806229385862776,0.376582823882931,0.02213411340734261,0.022647543992653826,0.7016562581188718,0.00011384022543886596,0.007122825407108457,-0.01608021057988296,0.02217698368090985,0.025329877698487817,0.0
45.0,0.010285714285714285,44.950704973809394,60,1.3816087065604226,0.30698301575038694,0.04103225829695755,0.00609440650871855,0.46726627276060867,-0.0013722915963276794,-0.0009290547253015813,-0.01637249307892663,0.040610988084227966,0.0058092024873483234,0.0
-15.0,0.031,44.950704973809394,90,1.3818495187095936,0.4074775038633378,0.0014858052202276855,0.04183358040910387,0.8089978921637443,-0.00025839638063428205,0.007459586246545413,0.013296652020473587,0.0013805145080395074,0.044873193992699484,0.0
35.0,0.010285714285714285,44.950704973809394,90,1.3818821775864767,0.30954773239433825,0.05097321933042958,-0.0048172617328759975,0.4695398125509211,-0.0014675867782981689,0.0025306970544791,0.0014740852017824935,0.05051893117111547,-0.004033890198284961,0.0
25.0,0.002,44.950704973809394,90,1.3823154652013163,0.28667499179572753,0.0244544096958625,0.022433710050535797,0.4023652594840168,-0.004769366037015166,-0.0014296711753683522,0.0025818533358856754,0.023087151726330354,0.022023859078066487,0.0
-15.0,0.006142857142857143,44.950704973809394,90,1.382420218199183,0.12115650656307651,0.06922301159328223,-0.022125167256142372,0.072,0.0,0.0,0.0,0.06922301159328223,-0.022125167256142372,0.0
-15.0,0.022714285714285715,44.950704973809394,75,1.3838284640414031,0.3551576689142352,0.03713331971497203,0.008434710589043305,0.6142919197394355,-0.01144694244278266,0.004516188415541328,0.01241678685159009,0.03306785032079792,0.010038669539084437,0.0
25.0,0.006142857142857143,44.950704973809394,90,1.3841777172554977,0.2956376507154763,0.02419859610147161,0.01771296891005533,0.4254236092342995,0.0013841555441843068,0.000567872543796033,0.011099193256121076,0.024607804594779063,0.01788085341480901,0.0
5.0,0.018571428571428572,44.950704973809394,90,1.3842388312627119,0.33998869544921834,0.011711832773761024,0.03426559586504522,0.571644931827718,-0.004447347442955163,-0.005734831617742464,-0.013719974993309236,0.010199784918421282,0.03231581794470803,0.0
-15.0,0.031,44.950704973809394,60,1.3842954794966282,0.40139516007835874,-0.011204257464025199,0.06028348656825706,0.7934417050444288,-0.005160596075273471,-0.008572921636050279,-0.007866436289161172,-0.013275695751759343,0.05684235731581543,0.0
-25.0,0.039285714285714285,44.950704973809394,60,1.3844307632993078,0.12115650656307651,1.0569849800233118,-0.3832574779921656,0.072,0.0,0.0,0.0,1.0569849800233118,-0.3832574779921656,0.0
-25.0,0.014428571428571428,44.950704973809394,90,1.3851756876302177,0.12115650656307651,0.10468562307460624,-0.0569407987548501,0.072,0.0,0.0,0.0,0.10468562307460624,-0.0569407987548501,0.0
45.0,0.014428571428571428,44.950704973809394,75,1.3857345140502884,0.3234773142785291,0.050141625805281656,-0.0094251694258082,0.5135269619110505,-3.360069952274003e-06,0.0013968701699952624,-0.0008645647019900338,0.05014053889887771,-0.00897331361482234,0.0
-45.0,0.018571428571428572,44.950704973809394,75,1.3873534870518238,0.34249912454569337,0.05852056851228148,-0.013698504426381469,0.5757103686017343,-0.00017804278324151657,-0.015321769500447613,-0.0009522763283520419,0.05845958901488958,-0.01894619706677568,0.0
-15.0,0.026857142857142857,44.950704973809394,60,1.388002290383013,0.3724842142204292,0.001280158360727141,0.036965883781845475,0.6816362086977162,-0.005979295584952853,0.0038768978294539957,-0.002938342012903661,-0.0009470348568257037,0.038409967023462534,0.0
-15.0,0.014428571428571428,44.950704973809394,90,1.3884867630815632,0.12115650656307651,-0.046766412137806475,0.08776342450389503,0.072,0.0,0.0,0.0,-0.046766412137806475,0.08776342450389503,0.0
5.0,0.014428571428571428,44.950704973809394,75,1.3891273800169939,0.321660235479976,0.011467827236790188,0.02641389198319716,0.5116142093784022,-0.002416829320073255,-0.0049000810160509944,-0.012798840679044687,0.010690429348580515,0.024837730769703237,0.0
25.0,0.018571428571428572,44.950704973809394,60,1.390290670137434,0.34302483234993275,0.06917451750674398,-0.03380502228201742,0.5781308060491707,0.0012844306886783396,0.0020602588207363493,-0.002853733304943873,0.06961510912839299,-0.03309830234543686,0.0
35.0,0.031,44.950704973809394,60,1.3903370201041614,0.41157859898176846,0.02465240449373442,0.009451751165607772,0.8292519592267815,-0.002361641605897191,0.00165472236355102,0.003984771992451286,0.0236804033502822,0.010132799477701902,0.0
25.0,0.010285714285714285,44.950704973809394,75,1.3904018348793528,0.3054060315287836,0.04703019105591578,-0.011320285855834635,0.4566931963505431,-0.0006486277251704919,-0.003105887351446679,0.0026525472573624143,0.04683209623643191,-0.01226884258621541,0.0
-5.0,0.018571428571428572,44.950704973809394,60,1.3907224868407675,0.3338608375510756,-0.0034044835373824942,0.03503365944703845,0.5426091308346225,0.006245706658845884,-0.0004790372226892714,0.01233200292770853,-0.0013192866811618771,0.034873727678653266,0.0
45.0,0.026857142857142857,44.950704973809394,75,1.3908638142879697,0.3812372174038874,0.10343974938293635,-0.06400994029758864,0.7196544330284584,0.0006361292749856862,0.0012334889790277526,-0.017712924039434697,0.10368226553764104,-0.06353968839152574,0.0
15.0,0.010285714285714285,44.950704973809394,75,1.3918197586106007,0.30443494369765456,0.0381802561461128,-0.005337132831733226,0.458951801881153,-0.0016578586495819003,-0.0006389230913751709,-0.014299565703614903,0.037675546041468666,-0.0055316433470831575,0.0
15.0,0.010285714285714285,44.950704973809394,60,1.3920591569734797,0.30451388606342916,0.040602003175046766,-0.007592074526964492,0.4540307498919754,0.005295244492192208,-0.008517985291827193,0.0026388188701353954,0.042214478653020186,-0.010185919329609923,0.0
-15.0,0.014428571428571428,44.950704973809394,75,1.3930383743193648,0.32304335395253025,0.016368555505810758,0.01403688753221795,0.5174796229376982,-0.0006474901097486274,-0.0007695890320076615,-0.017361434665668085,0.01615938812910647,0.013788276910153113,0.0
-25.0,0.018571428571428572,44.950704973809394,90,1.3948122188134424,0.12115650656307651,0.06067457416593575,-0.03110080502971787,0.072,0.0,0.0,0.0,0.06067457416593575,-0.03110080502971787,0.0
5.0,0.018571428571428572,44.950704973809394,75,1.3953798755391487,0.3402885395947749,-0.013820885728601535,0.04353143070891342,0.5635333620931217,-0.009191029649877613,0.002968542098555904,0.013069618044854181,-0.016948487785530663,0.044541591564356615,0.0
25.0,0.022714285714285715,44.950704973809394,60,1.3961222676743714,0.35693216616970375,0.039115943747028745,-0.013467950320643409,0.6313238560702474,0.0016601599857385407,0.0001653851894783953,-0.017997969122891533,0.03970850824692666,-0.013408919026710498,0.0
5.0,0.010285714285714285,44.950704973809394,90,1.3983100889278546,0.3137556050100768,0.06500360792229017,-0.03807663959332925,0.4827281199981442,-0.004464941639804598,-0.0012710171992941222,0.0004230468134602816,0.06360270745675858,-0.03847542836367199,0.0
35.0,0.014428571428571428,44.950704973809394,75,1.3985537689807124,0.32604653220424007,0.06088448863252419,-0.033374437114141224,0.5172666441692046,-0.0010141905832850018,-0.008197060083628416,0.012777192274535665,0.06055381530984992,-0.03604706012867807,0.0
25.0,0.002,44.950704973809394,75,1.399102097751001,0.2873474286346589,0.009110187781641103,0.01231711795908636,0.4020956678271597,-0.0013990972260935486,0.0012163643357630816,0.010102906265094802,0.008708160791313238,0.012666637123250786,0.0
-25.0,0.018571428571428572,44.950704973809394,75,1.399678989476804,0.33821417923981006,0.00152599496912593,0.006307256995953079,0.5614908483290302,0.03505345451161016,0.0025896837055652128,-0.0012229885936765328,0.013381570316290177,0.007183124744921528,0.0
15.0,0.002,44.950704973809394,90,1.4005598704248652,0.28891679648456015,0.04322650926605966,-0.023941677634189626,0.41146701825944504,0.0054215185451711445,-0.0011672594671729986,-0.007034443072559959,0.04479287703621214,-0.02427891850011152,0.0
45.0,0.031,44.950704973809394,60,1.401990874993092,0.40807459357713444,0.08163887344668558,-0.05569397152489526,0.8169998575435986,0.002950535405039645,-0.011478116782747128,-0.00047871382745867663,0.08284291198293207,-0.06037789936604568,0.0
-25.0,0.022714285714285715,44.950704973809394,75,1.402608145600222,0.35320785688730777,-0.004671711473150041,0.019445210724522172,0.6166919498415622,-0.0018669089815358253,0.00703777547136436,-0.01349007101593358,-0.005331118393521976,0.02193100831601684,0.0
-15.0,0.026857142857142857,44.950704973809394,75,1.4029427036114048,0.3767528452754181,-0.015999586213592758,0.028464843254967138,0.6908440034544386,0.0026136911161503407,0.008055009842118932,0.01429311448741366,-0.015014870648912033,0.031499591131706944,0.0
-5.0,0.018571428571428572,44.950704973809394,75,1.4032872418388866,0.3362087965085653,-0.017475636336727263,0.03190236758554856,0.5512747260550247,0.0037895094010104158,0.001019548105370971,0.0094244841772273,-0.01620156994165566,0.03224514862703792,0.0
-15.0,0.022714285714285715,44.950704973809394,60,1.4037905116092333,0.3492888089402132,-0.011512812638496607,0.025589835767804305,0.5986862100305672,0.001779840876447586,0.0010994549553902666,-0.0007532552269129411,-0.010891134138659124,0.025973863079655986,0.0
-15.0,0.018571428571428572,44.950704973809394,75,1.4044329540222216,0.33798277980795716,0.008905765843359286,0.0004926339589331449,0.5539944706101578,0.0072325168204334656,0.0059432470014625545,0.018685130880227163,0.011350231983337197,0.002501349101572765,0.0
-25.0,0.026857142857142857,44.950704973809394,90,1.4074055358368875,0.3766120029914439,0.003900343982460288,0.008419992528105305,0.7011098321632382,-0.0025413470210652184,-0.004598122058058207,-0.014341829814066287,0.0029432421905605773,0.006688284569820863,0.0
-25.0,0.014428571428571428,44.950704973809394,75,1.4078553900004127,0.3238401977435592,0.03270957663283183,-0.0167710394755414,0.5200299254606944,-0.008951028532517835,-0.01056091790939323,-0.017386482981649465,0.029810873782853017,-0.0201910892196728,0.0
-45.0,0.002,44.950704973809394,60,1.4079501157970655,0.3010386593496682,-0.003906915584995785,0.020318511854162606,0.44608445802928925,-0.016780842342786415,-0.0077052198890589785,-0.005223222783570236,-0.008958597866626353,0.017998942788765893,0.0
25.0,0.055857142857142855,44.950704973809394,60,1.4110234040739182,0.12115650656307651,0.5420719564131713,-0.33464937483261414,0.072,0.0,0.0,0.0,0.5420719564131713,-0.33464937483261414,0.0
15.0,0.006142857142857143,44.950704973809394,90,1.412062320408749,0.2951111485597439,0.04636065479653425,-0.039795921072174535,0.4266966153160794,-0.002223522915664744,-0.003362321850871597,0.0016357520111620616,0.04570446839504352,-0.04078817973541277,0.0
-5.0,0.010285714285714285,44.950704973809394,90,1.4140473488878347,0.313551187998036,0.05878266646646885,-0.056148264496131486,0.48502044039680875,-0.0037118977160166544,0.006047260330183657,-0.00889349503581105,0.05761879652788463,-0.054252138835469005,0.0
15.0,0.022714285714285715,44.950704973809394,75,1.4143534519747172,0.3632831816923443,0.013715840685634651,-0.015441389421182252,0.6442944634494111,-0.0011166988589428328,0.005810385721659456,0.008371687837120945,0.013310162771165689,-0.013330574009358036,0.0
-45.0,0.014428571428571428,44.950704973809394,90,1.4157436324842985,0.12115650656307651,0.020112961007437133,-0.021837278500947983,0.072,0.0,0.0,0.0,0.020112961007437133,-0.021837278500947983,0.0
-5.0,0.014428571428571428,44.950704973809394,60,1.4172475769287132,0.31751835292151986,-0.02277135398975484,0.018406077466037132,0.49254175883895407,0.011630380187726552,-0.01047892116264576,0.006204562447820194,-0.01907849482869683,0.015078827678079392,0.0
35.0,0.018571428571428572,44.950704973809394,60,1.4172933121905875,0.34376753283255485,0.05129098516047895,-0.053242006291088086,0.5800181661871373,-7.887225283886856e-05,0.000964926558265633,-0.0010597688358071622,0.05126387144071158,-0.0529102958687885,0.0
-5.0,0.014428571428571428,44.950704973809394,75,1.41752432720297,0.3219350607211423,-0.012833588695462958,0.006882900553421925,0.510013232890819,0.008151079771560599,-0.004017272513962833,-0.005120050282947375,-0.010209470334262722,0.0055895996827059246,0.0
-15.0,0.018571428571428572,44.950704973809394,60,1.4179034243474788,0.33325861141713164,-0.010685427885444947,0.0033527295590324285,0.5404405986292113,0.009563282935055734,-0.003146628903786912,0.012948166809145789,-0.007498381493919123,0.002304088379911391,0.0
15.0,0.002,44.950704973809394,60,1.418224186689962,0.2851395606436006,0.0034509734055521023,-0.0105407069432551,0.39413234136225134,0.008101963619477313,-0.002873185149330354,0.01636591495112416,0.005761163752360299,-0.011359965694382874,0.0
15.0,0.006142857142857143,44.950704973809394,60,1.4183719673815773,0.2938522391427003,0.01681985053524854,-0.02217428613481396,0.41919170245868254,-0.0011226155179006048,0.0005880238961902817,0.014806154437456698,0.016489967451617106,-0.02200149399624903,0.0
45.0,0.010285714285714285,44.950704973809394,75,1.4185147742673505,0.3113180068009317,0.029321804023745145,-0.03474023011160701,0.4709781663843124,-0.001144329588534665,0.0021909259826469185,0.014162511267694633,0.0289655536171192,-0.034058155401641,0.0
25.0,0.014428571428571428,44.950704973809394,75,1.4199730274946964,0.32802105153919037,0.05690905198055045,-0.062150760582048284,0.5246172440050495,-8.055183829958068e-05,0.0018822706042309623,0.00960308879728089,0.05688262928184801,-0.061533336199167135,0.0
-45.0,0.010285714285714285,44.950704973809394,60,1.4201203600676469,0.12115650656307651,-0.04547612474787431,0.03889568221715385,0.072,0.0,0.0,0.0,-0.04547612474787431,0.03889568221715385,0.0
-25.0,0.031,44.950704973809394,75,1.4203167464270399,0.4005171413664701,-0.030152593754030503,0.023274914998997445,0.7855469936131987,0.007893444396082083,-0.010963451591519957,0.003204808848060736,-0.026991133968976525,0.018883864708052193,0.0
-25.0,0.018571428571428572,44.950704973809394,60,1.4230914764622726,0.33376478193771814,-0.024321043021377158,0.012280097795357091,0.542213146400646,0.009942905674785452,-0.010828648551669262,0.012579528513336768,-0.02100245127700509,0.008665876272829012,0.0
-25.0,0.022714285714285715,44.950704973809394,60,1.4244036473892878,0.34973784049424056,-0.018485981485297953,0.001810672717514213,0.6002887459227638,-0.0004371055268437285,0.0072869164919726025,-0.000932222479610445,-0.018638853828324375,0.004359183155278578,0.0
-45.0,0.022714285714285715,44.950704973809394,75,1.4256532144372007,0.35751351096626505,-0.01745341497722439,0.006498180712859217,0.623269540592491,-0.0010093870060615129,-0.013334510778211725,0.010258355033911926,-0.017814284469685165,0.0017309129475232398,0.0
-5.0,0.018571428571428572,44.950704973809394,90,1.4257707295784214,0.33994590651375406,-0.03138868380059318,0.020785171297391807,0.5670462918293534,-0.01879840370651087,0.004547294783968647,-0.0006139238238578315,-0.03777912418961454,0.022331005544913296,0.0
-25.0,0.031,44.950704973809394,60,1.42628377786699,0.3992599950734079,-0.0429786101461137,0.03310139242746159,0.777281910029244,-0.009258452395968786,-0.004998998102702656,0.011563884961036663,-0.04667513980411558,0.031105492469604548,0.0
-5.0,0.010285714285714285,44.950704973809394,75,1.4270737856701643,0.31192895662506165,-0.018592010398010235,-0.0051168248394538466,0.4742549044824532,0.02729635109749634,-0.009591379299515729,0.009617563011108388,-0.010077488080496844,-0.008108653776947002,0.0
-35.0,0.002,44.950704973809394,90,1.4282331288228947,0.12115650656307651,-0.04907988700256611,0.030834760758559673,0.072,0.0,0.0,0.0,-0.04907988700256611,0.030834760758559673,0.0
25.0,0.055857142857142855,44.950704973809394,90,1.4286459753836154,0.12115650656307651,0.4687515417917716,-0.3261992303689449,0.072,0.0,0.0,0.0,0.4687515417917716,-0.3261992303689449,0.0
45.0,0.022714285714285715,44.950704973809394,60,1.4321128230453986,0.36145722230017757,0.0675762753764974,-0.08728464893616418,0.6387367301061799,-0.0006973963259981897,0.0014315171047252218,0.005831981742332459,0.06732419643765974,-0.08676721673981501,0.0
-15.0,0.006142857142857143,44.950704973809394,75,1.4333187414071187,0.3082009165030682,-0.0009346159718183043,-0.02579904751896957,0.4653506647954107,0.0029386043608651408,-0.003289600642344126,0.0018316571182985797,-2.893541455975502e-05,-0.026812905451869113,0.0
35.0,0.002,44.950704973809394,90,1.4351987657686043,0.29989407279175295,-0.004455093762276404,-0.025009080632103168,0.44144346064303647,-0.000950661464160299,0.0005709279914234422,-0.0010175238781950924,-0.004740191500609607,-0.024837862711484377,0.0
-25.0,0.026857142857142857,44.950704973809394,75,1.435375920242642,0.3746629652974904,-0.03862661000168125,0.011386727788308416,0.688800042548287,0.010681982869462647,-0.016820245097060177,-0.0007305947339908414,-0.03462446662455138,0.005084804883213276,0.0
-5.0,0.010285714285714285,44.950704973809394,60,1.4357177620179518,0.30362274914596116,-0.03054884579263886,-0.0015165324375432992,0.45616033667605826,0.0058650827923559246,0.0001868309209537497,-0.013122242003964502,-0.028768073231255083,-0.00145980631969785,0.0
35.0,0.006142857142857143,44.950704973809394,60,1.435985903371529,0.30237408010592803,0.011455188324278887,-0.041604970004752474,0.4447055023932136,9.136523630159932e-06,0.00015999762374985238,0.012431823503553652,0.011457950972206922,-0.04155659087045198,0.0
-5.0,0.014428571428571428,44.950704973809394,90,1.4361163820346625,0.3276089452534387,-0.02809713510099306,-0.002736368366175998,0.5276747583597647,-0.001179514967949713,0.0012610976542684268,-0.003762953738686292,-0.028483554755553708,-0.002323221493799533,0.0
45.0,0.018571428571428572,44.950704973809394,90,1.436758553245058,0.3400889256908487,0.031265442828447565,-0.06761149420871328,0.5672057101545691,0.01782425324501402,0.0031109415870267387,0.00032030264472737713,0.03732727396578601,-0.06655349742649437,0.0
-15.0,0.014428571428571428,44.950704973809394,60,1.4367844898012783,0.315275484301955,-0.03268879204192803,-0.00010804278867167652,0.4932975768407307,0.005310551199174118,-0.0018114521113188591,-0.0182294281125861,-0.031014505440698083,-0.0006791492303575287,0.0
5.0,0.010285714285714285,44.950704973809394,75,1.4389227768289061,0.3108047849144211,0.0250763470007357,-0.055525319341297515,0.4708385814943855,0.0015520717750741597,-0.010392617002055182,0.009596141751782028,0.025558738334959367,-0.05875539443331923,0.0
5.0,0.006142857142857143,44.950704973809394,60,1.439756321672263,0.29330856704392355,-0.00448329264733268,-0.03320010505295151,0.42651743406675957,0.003246707382249109,0.0027707483452099613,-0.015480961154161754,-0.003531005557434266,-0.03238742082617865,0.0
-45.0,0.014428571428571428,44.950704973809394,75,1.4400908257598766,0.12115650656307651,-0.02184901035631582,-0.01473453990271831,0.072,0.0,0.0,0.0,-0.02184901035631582,-0.01473453990271831,0.0
-35.0,0.031,44.950704973809394,60,1.4406417674362144,0.39666791721809297,-0.04296540772091174,0.013649280573588798,0.7660263984238617,0.0002866881495000584,-0.019122860240148587,0.0145032345820173,-0.04285168772975844,0.006063855430876376,0.0
15.0,0.002,44.950704973809394,75,1.441216871094286,0.2876613050413125,0.028156730445041182,-0.06419394220748359,0.40216223074933816,0.0005433551688083238,-0.0006888001431526458,0.012937936962935659,0.028313032702001528,-0.06439208335557552,0.0
35.0,0.014428571428571428,44.950704973809394,60,1.4416117650662144,0.3266574677447366,0.008711447111631975,-0.04665166461516131,0.5254902922759518,-0.002148217004119407,0.0018723842236068045,-0.006434173204787896,0.008009715984900145,-0.04604003632603272,0.0
45.0,0.002,44.950704973809394,90,1.4459584371799625,0.3027785527942034,-0.03542889436853568,-0.009606864177515717,0.44880224290621124,0.0007967082433879558,0.00020238048433721123,0.0028499585044317044,-0.03518766819960346,-0.009545587707354307,0.0
-15.0,0.010285714285714285,44.950704973809394,75,1.4484892597700885,0.3172751955393624,0.012864958029381084,-0.05833686369664985,0.4889457702240737,-0.01403478879539996,0.007755675295069708,0.015157002956134313,0.008412067669966909,-0.05587618030086681,0.0
-15.0,0.010285714285714285,44.950704973809394,90,1.4494281448795436,0.3211971922870651,-0.001983351871947628,-0.058494942021525005,0.4999720904153499,0.025386654232470128,0.010703324011251403,0.018882997560747405,0.006170770189084315,-0.05505706440097233,0.0
-25.0,0.014428571428571428,44.950704973809394,60,1.449778244443932,0.317769212279232,-0.06093188113035654,0.009882565444317282,0.49577035350347703,0.0024534624847649678,0.003813747911218107,-0.0015005638939413757,-0.06015224628921613,0.011094457113896627,0.0
5.0,0.002,44.950704973809394,90,1.4502235616592254,0.2917112717685316,0.032879376216936124,-0.08038754117987758,0.42204200985046864,0.0016288050108370644,-0.002391098924848789,-0.015936129980551605,0.03335451699811036,-0.08108505168816958,0.0
-25.0,0.026857142857142857,44.950704973809394,60,1.451265625790141,0.37207633095771214,-0.0745925280803254,0.023160224102367812,0.6758952902581788,0.00147070011947803,0.0022259137445521104,0.008484319340764657,-0.07404531537593095,0.023988433921469102,0.0
-5.0,0.006142857142857143,44.950704973809394,60,1.4514147561791668,0.29831528101043464,-0.011340683638938732,-0.04052001516678583,0.43232659839991694,-0.0007576684056279093,-0.0010560288929767347,0.014009323805299623,-0.01156670770227635,-0.04083504472274932,0.0
-45.0,0.026857142857142857,44.950704973809394,90,1.451587926455982,0.12115650656307651,0.034769749727928304,-0.08417621823783389,0.072,0.0,0.0,0.0,0.034769749727928304,-0.08417621823783389,0.0
45.0,0.031,44.950704973809394,75,1.4524170703301602,0.40936204296497786,0.06598786505891534,-0.1008885941510989,0.8183100012321713,-0.0010452795444004792,-0.026916036066571003,0.00893235736440623,0.06555996728915006,-0.11190699766382943,0.0
45.0,0.010285714285714285,44.950704973809394,90,1.4534029190424858,0.3130319714200738,-0.0040473172675343505,-0.04911214440440333,0.4767252370398783,-0.005343976161776842,-0.00041216013876355095,0.012493555085160146,-0.005720152660677234,-0.04924116370518125,0.0
-5.0,0.006142857142857143,44.950704973809394,75,1.4539209845674133,0.30505360532280507,0.023612792745414186,-0.07890470885825512,0.45209950171431945,0.006057285481667618,-0.00018806405056248643,0.014254960802202454,0.025460589520066378,-0.07896207847491082,0.0
5.0,0.006142857142857143,44.950704973809394,90,1.454324701863942,0.3011694045188994,0.041869891120845416,-0.0945920814207929,0.44107839981686886,-0.0016076179164881133,0.003054167067660929,0.012683444089680584,0.04138572579024278,-0.09367225974372421,0.0
-35.0,0.018571428571428572,44.950704973809394,60,1.4545627216744799,0.33381357922680716,-0.05235637274463836,-0.004114545077154628,0.5541614702092323,8.967989273689358e-05,-0.00017267913318116945,-0.02273704648263042,-0.052326436378659184,-0.004172187716659617,0.0
-25.0,0.006142857142857143,44.950704973809394,90,1.4549954258003381,0.12115650656307651,-0.17242314418687443,0.13835293763927306,0.072,0.0,0.0,0.0,-0.17242314418687443,0.13835293763927306,0.0
45.0,0.002,44.950704973809394,75,1.455296885680308,0.3015398987813142,-0.01964112773843185,-0.03975265066374805,0.44303600055628606,0.006917529822551283,-0.002207767585629128,0.009808163821682925,-0.017555216495923016,-0.04041838067805133,0.0
-35.0,0.022714285714285715,44.950704973809394,60,1.4557413055566741,0.35208848035225493,-0.06713769194479567,0.007793128307625031,0.6021928174094648,0.02184526025669542,-0.017524092220580767,0.016648866951793906,-0.05944622745811627,0.0016230973081279767,0.0
15.0,0.006142857142857143,44.950704973809394,75,1.4559252362955362,0.29850862373341297,-0.00805620525544807,-0.051137489752555075,0.43791632732531965,0.001856429560171402,0.00036987112948916323,-0.002829191166342504,-0.007502045022383279,-0.051027080030732544,0.0
-35.0,0.026857142857142857,44.950704973809394,75,1.455984320815415,0.37470373479897506,-0.05890102046148686,0.0012137696231178255,0.6861609898081065,-0.008930731553435378,0.008099339629999112,0.006712450069059628,-0.06224739892904615,0.004248622431883842,0.0
25.0,0.014428571428571428,44.950704973809394,60,1.456576280157282,0.3300204243909616,0.012793185893181527,-0.0707855280992173,0.5302761640250925,-0.0017394625965291843,0.0009597843156039509,0.01195216298868651,0.012219127708862762,-0.07046877967205789,0.0
-35.0,0.022714285714285715,44.950704973809394,75,1.45666779799395,0.12115650656307651,-0.00037289330432437734,-0.05883669564974864,0.072,0.0,0.0,0.0,-0.00037289330432437734,-0.05883669564974864,0.0
5.0,0.002,44.950704973809394,60,1.458012186648385,0.2867013573944427,-0.017550810705410716,-0.04572161065456528,0.40133836691141284,0.015147572864828984,-0.009452812631559615,0.006422000484676005,-0.01320798100383302,-0.04843174486722875,0.0
45.0,0.002,44.950704973809394,60,1.4591538317280348,0.30051691537182085,-0.009479271622177503,-0.05344854902749377,0.4399082853339657,0.005713419726092739,-0.005982689275820241,0.010196787840968113,-0.0077622923498676,-0.05524644835429134,0.0
-45.0,0.014428571428571428,44.950704973809394,60,1.4596930163611201,0.3195611681222419,-0.06802957509679411,0.004777950833407394,0.5046386556224008,-0.0010128390253094643,0.0017957149417292123,-0.011713851537233921,-0.0683532391188418,0.005351791597800944,0.0
-35.0,0.006142857142857143,44.950704973809394,60,1.4626107590946107,0.3032018812576672,-0.07017836193294909,-0.010520242290477889,0.453613469987307,0.02491958333725508,0.018143752111089012,-0.008872132194674975,-0.06262269738493613,-0.005019022517322929,0.0
-35.0,0.026857142857142857,44.950704973809394,60,1.46321394279456,0.3712166065227904,-0.07754776162500394,0.007854333801943676,0.6728214755901126,0.00846176148426192,-0.0031103794551919084,0.008340685992829222,-0.07440661524161099,0.00669970929558913,0.0
35.0,0.010285714285714285,44.950704973809394,60,1.4632798977202575,0.31177953844689127,-0.008468059664492465,-0.05981303475436148,0.4821389446361902,0.0026169871209781592,-0.003964606412950045,-0.01713119901472382,-0.007652136627792436,-0.06104911791191463,0.0
5.0,0.010285714285714285,44.950704973809394,60,1.4641466649595654,0.30676085142601117,-0.017557522698910456,-0.052596294321839474,0.45841593071272213,0.0024668630902477395,-0.002914041564180403,0.01028637850541525,-0.01680078567699466,-0.05349020819315824,0.0
-15.0,0.010285714285714285,44.950704973809394,60,1.4644874285934162,0.3086839676807937,-0.06131890568643571,-0.005820764880157721,0.4626401886666929,-0.011406209051327831,0.00134629374247984,0.015344563094354946,-0.06483981955259617,-0.00540518558606522,0.0
-25.0,0.039285714285714285,44.950704973809394,75,1.4662091216560809,0.12115650656307651,0.460250152321146,-0.36324586570367046,0.072,0.0,0.0,0.0,0.460250152321146,-0.36324586570367046,0.0
-45.0,0.018571428571428572,44.950704973809394,60,1.4662706797536278,0.3363971074031046,-0.07454513500555605,0.002938642716113442,0.5548774639825843,-0.0036654484517217867,0.0022075922487013386,0.0005562445146090056,-0.07577818126205045,0.0036812703629020872,0.0
-5.0,0.006142857142857143,44.950704973809394,90,1.4668646601490023,0.12115650656307651,0.00010164961572685588,-0.0732638166326383,0.072,0.0,0.0,0.0,0.00010164961572685588,-0.0732638166326383,0.0
35.0,0.002,44.950704973809394,75,1.4670290947817626,0.3016943033458678,-0.008476196647157777,-0.06467227367208629,0.44384617686436856,-0.0025348818079409807,-0.0001245399257421287,0.008632043958782809,-0.009240956048268646,-0.06470984665822181,0.0
-35.0,0.026857142857142857,44.950704973809394,90,1.4703352068003295,0.12115650656307651,-0.09627624216965545,0.020171432743999435,0.072,0.0,0.0,0.0,-0.09627624216965545,0.020171432743999435,0.0
-35.0,0.002,44.950704973809394,75,1.4708572928463772,0.12115650656307651,-0.12749414770965278,0.055448189457106965,0.072,0.0,0.0,0.0,-0.12749414770965278,0.055448189457106965,0.0
-45.0,0.018571428571428572,44.950704973809394,90,1.4716388808586132,0.12115650656307651,-0.055469768866041436,-0.025526480723270455,0.072,0.0,0.0,0.0,-0.055469768866041436,-0.025526480723270455,0.0
-15.0,0.006142857142857143,44.950704973809394,60,1.4735391404417655,0.29958491708979035,-0.06341885371013009,-0.021785362204110453,0.4371059630560709,0.01240013382291405,-0.007016022048888515,0.010425401487901276,-0.059703960646890084,-0.02388725658792686,0.0
-35.0,0.014428571428571428,44.950704973809394,60,1.4752769336850848,0.32267674421863535,-0.048972634798988966,-0.032140852038919074,0.512775736709043,-0.004894452955483408,-0.011191827519216324,-0.006401939922904276,-0.05055196094339563,-0.03575219450467632,0.0
-45.0,0.006142857142857143,44.950704973809394,60,1.4756897274604859,0.3061022091713045,-0.07786346978153767,-0.0035700357777439704,0.4624119238884323,-0.005611846128055209,-0.008146976749263055,-0.009214160956108053,-0.0795812682788648,-0.006063843358760644,0.0
-45.0,0.006142857142857143,44.950704973809394,90,1.4761493998764605,0.12115650656307651,-0.03860093373449579,-0.04896384647015736,0.072,0.0,0.0,0.0,-0.03860093373449579,-0.04896384647015736,0.0
45.0,0.006142857142857143,44.950704973809394,60,1.4774156814406556,0.3029419520180592,-0.02206087576418769,-0.06782952062464358,0.44964924358704866,-5.699080320414884e-05,0.0033193046818547067,0.0016550179807817145,-0.02207814066935743,-0.06682396398497983,0.0
-35.0,0.018571428571428572,44.950704973809394,90,1.477636737172215,0.12115650656307651,-0.03113693658196056,-0.05837939561261271,0.072,0.0,0.0,0.0,-0.03113693658196056,-0.05837939561261271,0.0
-45.0,0.022714285714285715,44.950704973809394,60,1.4785655125864658,0.352593044195735,-0.08120401133071883,-0.011447395191864341,0.6042549095772346,0.0037077963484211107,0.004274667890732942,0.015722908839688188,-0.0798966681289712,-0.009940177027345051,0.0
-35.0,0.014428571428571428,44.950704973809394,90,1.4786209264727195,0.12115650656307651,0.015620730553823244,-0.10332103129037432,0.072,0.0,0.0,0.0,0.015620730553823244,-0.10332103129037432,0.0
45.0,0.014428571428571428,44.950704973809394,60,1.478697731366434,0.32508075049555624,-0.0403908851027069,-0.05051429301388715,0.5224532633345562,-0.0015517758003119608,0.0007268752030176184,-0.012628104177467847,-0.04089533754447316,-0.05027799987737357,0.0
-35.0,0.010285714285714285,44.950704973809394,90,1.479634161597707,0.12115650656307651,0.050371631385390886,-0.13469080091860536,0.072,0.0,0.0,0.0,0.050371631385390886,-0.13469080091860536,0.0
45.0,0.026857142857142857,44.950704973809394,90,1.4827706204619615,0.3834287274214684,0.04695505843827029,-0.13574780010143023,0.7237737191528346,-7.997763833200722e-05,-0.00038177885375079157,-0.006917700367896629,0.04692439271418247,-0.13589418508148032,0.0
-25.0,0.03514285714285714,44.950704973809394,60,1.4839442878676812,0.48524637069417953,-0.09396046913717204,-0.00024064970756563798,1.1516096568874357,-0.00815062508819464,0.003927834687180993,0.006886111567041553,-0.09791553038010742,0.001665317819075647,0.0
-25.0,0.010285714285714285,44.950704973809394,60,1.485644489780309,0.3093275266410318,-0.07499608474855665,-0.027806434563740743,0.47172681166974845,0.008795419678185867,-0.0015391519027471712,-0.007756025745933037,-0.07227541933373356,-0.028282536614942365,0.0
45.0,0.018571428571428572,44.950704973809394,75,1.4860041284993324,0.3408594387006321,-0.02119336611217323,-0.07910874357237276,0.5752700609103885,0.0011318748433969406,-0.002289019619180488,-0.015789106749481974,-0.020807555888373585,-0.07988897751494135,0.0
45.0,0.018571428571428572,44.950704973809394,60,1.4887955192453854,0.3443379157166797,-0.03678108330091972,-0.06777558343774287,0.5776574471378865,-0.00530656371688476,0.0031836112384930892,0.011388629205928424,-0.03860833439080957,-0.06667934537942796,0.0
35.0,0.002,44.950704973809394,60,1.4888251015965213,0.29982650907332103,-0.018535688144346394,-0.08446113328031146,0.4446683262703065,-0.002214189744391415,-0.0027307659940900564,-0.012436400113364776,-0.01919956092583322,-0.08527988931541562,0.0
5.0,0.006142857142857143,44.950704973809394,75,1.48929048899448,0.29785676489186474,0.028415161653641982,-0.12913852924098565,0.43977115107185544,0.0017870100211767048,-0.00013269475488408844,-0.01546434942149233,0.02894743467737902,-0.12917805327139353,0.0
-35.0,0.006142857142857143,44.950704973809394,75,1.4897078145804472,0.12115650656307651,-0.027054718356526966,-0.0790681064342724,0.072,0.0,0.0,0.0,-0.027054718356526966,-0.0790681064342724,0.0
-35.0,0.055857142857142855,44.950704973809394,60,1.4909039102100663,0.12115650656307651,1.1524643460431314,-0.48308768879837505,0.072,0.0,0.0,0.0,1.1524643460431314,-0.48308768879837505,0.0
-45.0,0.026857142857142857,44.950704973809394,60,1.4914777897145046,0.37056440713660976,-0.10596749740108015,-0.0007406740945245311,0.6712209314335936,0.0065042364977052625,-0.006982522834059236,0.006270865792075142,-0.1035572588594317,-0.0033281485288455324,0.0
5.0,0.002,44.950704973809394,75,1.4923720854297229,0.29154796575485536,-0.007440400911702347,-0.10105705651420104,0.41707637774721606,0.0007127741961054923,-0.000514438352526847,-0.0005155810974555308,-0.007232593044785239,-0.10120703996938651,0.0
-35.0,0.010285714285714285,44.950704973809394,75,1.4969925706736793,0.12115650656307651,-0.08403047488352784,-0.032407228847214295,0.072,0.0,0.0,0.0,-0.08403047488352784,-0.032407228847214295,0.0
45.0,0.022714285714285715,44.950704973809394,75,1.497347903727052,0.36514245955486724,0.038545734380632905,-0.14967599238248525,0.6507188006122119,0.011281027727316206,-0.004529181696668605,0.008928081775323449,0.0426649165912918,-0.1513297889269777,0.0
-45.0,0.022714285714285715,44.950704973809394,90,1.4996296555325082,0.12115650656307651,-0.09506550843690731,-0.024558751846065242,0.072,0.0,0.0,0.0,-0.09506550843690731,-0.024558751846065242,0.0
-5.0,0.002,44.950704973809394,60,1.501407872699298,0.29207661542215846,-0.0329576800746487,-0.089915072499153,0.4141130866877711,-0.0005461780884613576,0.0016030810022737985,0.014812307062066488,-0.03311720592214424,-0.0894468500257613,0.0
-35.0,0.018571428571428572,44.950704973809394,75,1.5040284279291891,0.12115650656307651,-0.05920690863817077,-0.06779316195240623,0.072,0.0,0.0,0.0,-0.05920690863817077,-0.06779316195240623,0.0
-35.0,0.002,44.950704973809394,60,1.5083584489889237,0.30214423274991503,-0.08123722866533772,-0.04802845752771914,0.4422066536922702,-0.0027304744954448346,-0.009339699296216364,0.018456004027176398,-0.08206222578680711,-0.050850393805689356,0.0
-25.0,0.006142857142857143,44.950704973809394,75,1.5083729560751513,0.31030898367076476,-0.04811152879866165,-0.071260333731246,0.4729196154871946,-0.013268829384853187,-0.0305554271785069,-0.001962550210503622,-0.052228965759576224,-0.08074195728463454,0.0
-25.0,0.010285714285714285,44.950704973809394,90,1.509302411462818,0.12115650656307651,-0.029854551530799633,-0.10335550569105943,0.072,0.0,0.0,0.0,-0.029854551530799633,-0.10335550569105943,0.0
-35.0,0.014428571428571428,44.950704973809394,75,1.5110014549970447,0.12115650656307651,-0.07526646775821232,-0.061568377598901596,0.072,0.0,0.0,0.0,-0.07526646775821232,-0.061568377598901596,0.0
-25.0,0.002,44.950704973809394,90,1.5141188379602153,0.3154779990793408,-0.05568982903897836,-0.08668177916673739,0.4897091734159226,0.002333697782914146,0.0018214282970885343,-0.004857197191774354,-0.05495359873196871,-0.08610715861210541,0.0
-35.0,0.010285714285714285,44.950704973809394,60,1.5156121533418332,0.3123338902738777,-0.09786419940998736,-0.041006041618761944,0.47701728398248533,-0.006094743188843621,-0.005988041932872834,0.004730602490812252,-0.09976779426037911,-0.04287631005077923,0.0
-15.0,0.002,44.950704973809394,90,1.516122006866472,0.30976670502027964,-0.02660742116011334,-0.11640095375768748,0.466471120983921,0.001637470496068938,0.000877351481844979,0.01352686569459749,-0.02610018731997814,-0.11612917948001171,0.0
45.0,0.006142857142857143,44.950704973809394,90,1.5171564629248533,0.303250145063465,-0.03662122135079284,-0.10863809770302035,0.4559523682375168,0.002621320177770281,0.0003730679543390014,-0.016110058668323823,-0.03582630562662622,-0.10852496479174852,0.0
45.0,0.014428571428571428,44.950704973809394,90,1.5187473849670146,0.3273441138091868,-0.04822324256009913,-0.10314882823114097,0.5252592302278974,0.0036221118052953694,0.00919450255613019,0.001014125335947469,-0.047037565581076926,-0.10013906193998823,0.0
25.0,0.039285714285714285,44.950704973809394,90,1.519953586479989,0.12115650656307651,-0.28734117621851457,0.19190866786871616,0.072,0.0,0.0,0.0,-0.28734117621851457,0.19190866786871616,0.0
45.0,0.006142857142857143,44.950704973809394,75,1.521890976210541,0.3058106927729159,-0.036333807532725054,-0.11398310134142275,0.45424637175800625,0.0014070706358160212,-0.003077520306183912,0.014617246344008628,-0.03590351028680573,-0.11492423995827958,0.0
-35.0,0.006142857142857143,44.950704973809394,90,1.524040537671592,0.12115650656307651,-0.11804857502373683,-0.035696357217552016,0.072,0.0,0.0,0.0,-0.11804857502373683,-0.035696357217552016,0.0
-25.0,0.002,44.950704973809394,75,1.528067611400903,0.30677013127748504,-0.07614530465897289,-0.08442019757472256,0.4569674063417231,0.0018540228248353774,-0.0032428221271751934,0.015098957261043822,-0.07557654583360668,-0.08541499854438563,0.0
-45.0,0.002,44.950704973809394,75,1.5308164846225556,0.12115650656307651,-0.15980470251158552,0.0008743013893738618,0.072,0.0,0.0,0.0,-0.15980470251158552,0.0008743013893738618,0.0
25.0,0.039285714285714285,44.950704973809394,75,1.5318601215313128,0.12115650656307651,-0.3007020135399346,0.19082158709522637,0.072,0.0,0.0,0.0,-0.3007020135399346,0.19082158709522637,0.0
-5.0,0.002,44.950704973809394,75,1.534016970152111,0.29710864000727305,-0.02233072464082528,-0.1458893035728491,0.43221370055232006,0.008629233967910321,-0.0003248893260621166,0.002585022790504432,-0.019766904672314883,-0.1459858309986683,0.0
-45.0,0.002,44.950704973809394,90,1.5398003369995603,0.12115650656307651,-0.14811183563090632,-0.026072263882125666,0.072,0.0,0.0,0.0,-0.14811183563090632,-0.026072263882125666,0.0
25.0,0.039285714285714285,44.950704973809394,60,1.5404892552191392,0.12115650656307651,-0.3106592969778421,0.1905067309167007,0.072,0.0,0.0,0.0,-0.3106592969778421,0.1905067309167007,0.0
35.0,0.055857142857142855,44.950704973809394,90,1.5504772544367953,0.12115650656307651,1.595107809223151,-0.43172148545989375,0.072,0.0,0.0,0.0,1.595107809223151,-0.43172148545989375,0.0
-25.0,0.006142857142857143,44.950704973809394,60,1.5521472452268623,0.3017777844265492,-0.15004392199249544,-0.04567984279205489,0.4472106361153558,0.014942968838844717,-0.005486675550332443,-0.001700304781611095,-0.14553446596355393,-0.04733559958350153,0.0
-15.0,0.002,44.950704973809394,75,1.554402110255796,0.3022961824251328,-0.09427120072765702,-0.10687817829883209,0.44413481868727644,0.013852532899101266,-0.0040387935214214465,0.01355858199250548,-0.09008363291534015,-0.10809909016196115,0.0
-15.0,0.002,44.950704973809394,60,1.555260191452183,0.2930525010280537,-0.10378331480359375,-0.09593782248547023,0.4223308008773056,0.00026162955798825216,0.0006442723202937373,-0.00372130274806981,-0.10370664360728243,-0.095749016870665,0.0
-45.0,0.006142857142857143,44.950704973809394,75,1.5584243099022892,0.12115650656307651,-0.1437147336613415,-0.05858534738602558,0.072,0.0,0.0,0.0,-0.1437147336613415,-0.05858534738602558,0.0
45.0,0.06,44.950704973809394,90,1.5901811225262408,0.12115650656307651,1.5816819242846964,-0.47997369618492475,0.072,0.0,0.0,0.0,1.5816819242846964,-0.47997369618492475,0.0
-35.0,0.055857142857142855,44.950704973809394,75,1.591592746064106,0.12115650656307651,0.321019198465073,-0.4394973221478635,0.072,0.0,0.0,0.0,0.321019198465073,-0.4394973221478635,0.0
-25.0,0.002,44.950704973809394,60,1.5945645464682006,0.3000720778865098,-0.12553481212524548,-0.12808354336664007,0.43787265145970783,-0.003665295256245482,-0.001119374915758975,0.01262862999297898,-0.12663466488885464,-0.1284194365235459,0.0
-35.0,0.03514285714285714,44.950704973809394,90,1.6008504272273931,0.12115650656307651,-0.377655033842212,0.18465424629587907,0.072,0.0,0.0,0.0,-0.377655033842212,0.18465424629587907,0.0
-35.0,0.055857142857142855,44.950704973809394,90,1.6027550692905268,0.12115650656307651,0.3588740320266499,-0.4689388364825532,0.072,0.0,0.0,0.0,0.3588740320266499,-0.4689388364825532,0.0
5.0,0.031,44.950704973809394,60,1.603417957413536,0.4378532349003031,-0.1715447401119495,-0.09567138007120095,0.9378188539609994,-0.00046030619322179334,0.0026444644404866047,0.005813487590602406,-0.1717462866676963,-0.09451349276135507,0.0
5.0,0.03514285714285714,44.950704973809394,75,1.6059209237956953,0.12115650656307651,-0.40095963145111035,0.21495597287210177,0.072,0.0,0.0,0.0,-0.40095963145111035,0.21495597287210177,0.0
5.0,0.039285714285714285,44.950704973809394,90,1.6464012614536518,0.12115650656307651,-0.3878914880456901,0.1143396073400957,0.072,0.0,0.0,0.0,-0.3878914880456901,0.1143396073400957,0.0
5.0,0.039285714285714285,44.950704973809394,75,1.6507263875186453,0.12115650656307651,-0.39192509875187276,0.11262064148699849,0.072,0.0,0.0,0.0,-0.39192509875187276,0.11262064148699849,0.0
5.0,0.039285714285714285,44.950704973809394,60,1.6518969178012144,0.12115650656307651,-0.394935427080627,0.1151731348356672,0.072,0.0,0.0,0.0,-0.394935427080627,0.1151731348356672,0.0
5.0,0.03514285714285714,44.950704973809394,90,1.6583098273277015,0.12115650656307651,-0.4459872623695921,0.18814267233920728,0.072,0.0,0.0,0.0,-0.4459872623695921,0.18814267233920728,0.0
-15.0,0.03514285714285714,44.950704973809394,90,1.6611722558975686,0.12115650656307651,-0.37433430381753247,0.06688774249064987,0.072,0.0,0.0,0.0,-0.37433430381753247,0.06688774249064987,0.0
-45.0,0.039285714285714285,44.950704973809394,90,1.6637938217371282,0.12115650656307651,1.0588200268839767,-0.662753765801782,0.072,0.0,0.0,0.0,1.0588200268839767,-0.662753765801782,0.0
-45.0,0.039285714285714285,44.950704973809394,75,1.6642676647410644,0.12115650656307651,1.0588749368179151,-0.6632259623146106,0.072,0.0,0.0,0.0,1.0588749368179151,-0.6632259623146106,0.0
-45.0,0.039285714285714285,44.950704973809394,60,1.664791596852544,0.12115650656307651,1.0588084139146507,-0.6637525751756739,0.072,0.0,0.0,0.0,1.0588084139146507,-0.6637525751756739,0.0
-15.0,0.03514285714285714,44.950704973809394,75,1.665542150561629,0.12115650656307651,-0.3913226201425235,0.08443895780936624,0.072,0.0,0.0,0.0,-0.3913226201425235,0.08443895780936624,0.0
-15.0,0.03514285714285714,44.950704973809394,60,1.6734533299338188,0.12115650656307651,-0.3980311950789681,0.08024197472777739,0.072,0.0,0.0,0.0,-0.3980311950789681,0.08024197472777739,0.0
5.0,0.04342857142857143,44.950704973809394,90,1.689976649885767,0.12115650656307651,-0.25295130292158835,-0.13407852887981905,0.072,0.0,0.0,0.0,-0.25295130292158835,-0.13407852887981905,0.0
15.0,0.04757142857142857,44.950704973809394,90,1.7152509741644217,0.12115650656307651,1.534987888356029,-0.6296852038612716,0.072,0.0,0.0,0.0,1.534987888356029,-0.6296852038612716,0.0
45.0,0.04342857142857143,44.950704973809394,60,1.7270413513261829,0.12115650656307651,-0.4800683671825655,0.11001715878557378,0.072,0.0,0.0,0.0,-0.4800683671825655,0.11001715878557378,0.0
45.0,0.04342857142857143,44.950704973809394,75,1.730285951116804,0.12115650656307651,-0.4795408579333569,0.10286660839203504,0.072,0.0,0.0,0.0,-0.4795408579333569,0.10286660839203504,0.0
45.0,0.04342857142857143,44.950704973809394,90,1.733647908090147,0.12115650656307651,-0.4799775158120253,0.09711483459068362,0.072,0.0,0.0,0.0,-0.4799775158120253,0.09711483459068362,0.0
5.0,0.04342857142857143,44.950704973809394,75,1.7478908881486335,0.12115650656307651,-0.365475406458879,-0.09114594405559603,0.072,0.0,0.0,0.0,-0.365475406458879,-0.09114594405559603,0.0
45.0,0.039285714285714285,44.950704973809394,90,1.7674785178082943,0.12115650656307651,-0.557186405783038,0.16384761642490706,0.072,0.0,0.0,0.0,-0.557186405783038,0.16384761642490706,0.0
5.0,0.04342857142857143,44.950704973809394,60,1.7715223658112584,0.12115650656307651,-0.4475021140797448,-0.02128797227040118,0.072,0.0,0.0,0.0,-0.4475021140797448,-0.02128797227040118,0.0
5.0,0.03514285714285714,44.950704973809394,60,1.783525266836847,0.12115650656307651,-0.5668568922675409,0.14798952083959005,0.072,0.0,0.0,0.0,-0.5668568922675409,0.14798952083959005,0.0
-35.0,0.03514285714285714,44.950704973809394,75,1.7871697564425086,0.12115650656307651,-0.6742826433546182,0.3748973136321939,0.072,0.0,0.0,0.0,-0.6742826433546182,0.3748973136321939,0.0
-25.0,0.03514285714285714,44.950704973809394,90,1.7990411274898315,0.12115650656307651,-0.616046216452962,0.20946625328962074,0.072,0.0,0.0,0.0,-0.616046216452962,0.20946625328962074,0.0
25.0,0.055857142857142855,44.950704973809394,75,1.8214625031839842,0.12115650656307651,0.8548790103465302,-0.8156722030331532,0.072,0.0,0.0,0.0,0.8548790103465302,-0.8156722030331532,0.0
15.0,0.04342857142857143,44.950704973809394,75,1.8429296147257168,0.12115650656307651,-0.824564861437952,0.7404761451446406,0.072,0.0,0.0,0.0,-0.824564861437952,0.7404761451446406,0.0
15.0,0.039285714285714285,44.950704973809394,90,1.8450174702870419,0.12115650656307651,-0.637311859009384,0.14952992879723837,0.072,0.0,0.0,0.0,-0.637311859009384,0.14952992879723837,0.0
5.0,0.055857142857142855,44.950704973809394,60,1.8529051324565442,0.12115650656307651,-0.7494442044325023,0.3895064247173989,0.072,0.0,0.0,0.0,-0.7494442044325023,0.3895064247173989,0.0
35.0,0.055857142857142855,44.950704973809394,75,1.856459144923073,0.12115650656307651,1.1026721353026112,-0.8536178110389718,0.072,0.0,0.0,0.0,1.1026721353026112,-0.8536178110389718,0.0
25.0,0.06,44.950704973809394,60,1.867417929191731,0.12115650656307651,0.8482576155130045,-0.86124258790114,0.072,0.0,0.0,0.0,0.8482576155130045,-0.86124258790114,0.0
-35.0,0.039285714285714285,44.950704973809394,90,1.8871940123748443,0.12115650656307651,-0.8262129915116041,0.5241351557661553,0.072,0.0,0.0,0.0,-0.8262129915116041,0.5241351557661553,0.0
-35.0,0.039285714285714285,44.950704973809394,75,1.8874004267121711,0.12115650656307651,-0.826256349012117,0.5234833492455702,0.072,0.0,0.0,0.0,-0.826256349012117,0.5234833492455702,0.0
-35.0,0.039285714285714285,44.950704973809394,60,1.8880019058801978,0.12115650656307651,-0.8266117337504317,0.5224638540042215,0.072,0.0,0.0,0.0,-0.8266117337504317,0.5224638540042215,0.0
-25.0,0.03514285714285714,44.950704973809394,75,1.888106260063792,0.12115650656307651,-0.6918901746765507,0.16187537554070758,0.072,0.0,0.0,0.0,-0.6918901746765507,0.16187537554070758,0.0
35.0,0.04342857142857143,44.950704973809394,60,1.8888600519724275,0.12115650656307651,-0.5058160546336874,-0.1403114949629849,0.072,0.0,0.0,0.0,-0.5058160546336874,-0.1403114949629849,0.0
35.0,0.04342857142857143,44.950704973809394,75,1.9030696048434925,0.12115650656307651,-0.5221690081525436,-0.14222389727192647,0.072,0.0,0.0,0.0,-0.5221690081525436,-0.14222389727192647,0.0
35.0,0.04342857142857143,44.950704973809394,90,1.9225981044848262,0.12115650656307651,-0.5449318738836508,-0.1443640052129379,0.072,0.0,0.0,0.0,-0.5449318738836508,-0.1443640052129379,0.0
-35.0,0.03514285714285714,44.950704973809394,60,1.9238329654128765,0.12115650656307651,-0.7400308555363339,0.17937468928213243,0.072,0.0,0.0,0.0,-0.7400308555363339,0.17937468928213243,0.0
-25.0,0.04342857142857143,44.950704973809394,60,1.9257763080012944,0.12115650656307651,0.38516103974016647,-0.8249897099451556,0.072,0.0,0.0,0.0,0.38516103974016647,-0.8249897099451556,0.0
-25.0,0.04342857142857143,44.950704973809394,75,1.9316240653151562,0.12115650656307651,0.3674816398028982,-0.8251279554371581,0.072,0.0,0.0,0.0,0.3674816398028982,-0.8251279554371581,0.0
-25.0,0.04342857142857143,44.950704973809394,90,1.9343161469385806,0.12115650656307651,0.360692547480567,-0.8256135783512428,0.072,0.0,0.0,0.0,0.360692547480567,-0.8256135783512428,0.0
-35.0,0.05171428571428571,44.950704973809394,60,1.9503712604308558,0.12115650656307651,0.6139704315748381,-0.9117869195640316,0.072,0.0,0.0,0.0,0.6139704315748381,-0.9117869195640316,0.0
-35.0,0.05171428571428571,44.950704973809394,75,1.9503712604308558,0.12115650656307651,0.6139704315748381,-0.9117869195640316,0.072,0.0,0.0,0.0,0.6139704315748381,-0.9117869195640316,0.0
-35.0,0.05171428571428571,44.950704973809394,90,1.9503712604308558,0.12115650656307651,0.6139704315748381,-0.9117869195640316,0.072,0.0,0.0,0.0,0.6139704315748381,-0.9117869195640316,0.0
15.0,0.039285714285714285,44.950704973809394,75,1.9699507888795076,0.12115650656307651,-0.6386305316416809,-0.09343316731234039,0.072,0.0,0.0,0.0,-0.6386305316416809,-0.09343316731234039,0.0
45.0,0.04757142857142857,44.950704973809394,60,1.9775265567402782,0.12115650656307651,-0.5729832688451543,-0.19847190978607182,0.072,0.0,0.0,0.0,-0.5729832688451543,-0.19847190978607182,0.0
45.0,0.04757142857142857,44.950704973809394,75,1.9870906297818232,0.12115650656307651,-0.5857559800057623,-0.1974586184259926,0.072,0.0,0.0,0.0,-0.5857559800057623,-0.1974586184259926,0.0
45.0,0.04757142857142857,44.950704973809394,90,2.000881534236102,0.12115650656307651,-0.6035363257576031,-0.19674482076289934,0.072,0.0,0.0,0.0,-0.6035363257576031,-0.19674482076289934,0.0
25.0,0.06,44.950704973809394,75,2.016361642869145,0.12115650656307651,0.8466494528918319,-1.0105217940961448,0.072,0.0,0.0,0.0,0.8466494528918319,-1.0105217940961448,0.0
-45.0,0.04342857142857143,44.950704973809394,60,2.017117503886695,0.12115650656307651,1.6073669152763599,-0.9235042122942618,0.072,0.0,0.0,0.0,1.6073669152763599,-0.9235042122942618,0.0
-45.0,0.04342857142857143,44.950704973809394,75,2.017117503886695,0.12115650656307651,1.6073669152763599,-0.9235042122942618,0.072,0.0,0.0,0.0,1.6073669152763599,-0.9235042122942618,0.0
-45.0,0.04342857142857143,44.950704973809394,90,2.017117503886695,0.12115650656307651,1.6073669152763599,-0.9235042122942618,0.072,0.0,0.0,0.0,1.6073669152763599,-0.9235042122942618,0.0
25.0,0.06,44.950704973809394,90,2.021456227036338,0.12115650656307651,0.6581089996848943,-0.99233426455691,0.072,0.0,0.0,0.0,0.6581089996848943,-0.99233426455691,0.0
25.0,0.04342857142857143,44.950704973809394,60,2.088830922503012,0.12115650656307651,-0.850506229795702,0.0310617582672869,0.072,0.0,0.0,0.0,-0.850506229795702,0.0310617582672869,0.0
15.0,0.04342857142857143,44.950704973809394,90,2.097024157857489,0.12115650656307651,-0.8112514741153755,-0.05682468562803374,0.072,0.0,0.0,0.0,-0.8112514741153755,-0.05682468562803374,0.0
-35.0,0.04757142857142857,44.950704973809394,60,2.0988260132260126,0.12115650656307651,-1.0963926878537558,1.1010362910418903,0.072,0.0,0.0,0.0,-1.0963926878537558,1.1010362910418903,0.0
-35.0,0.04757142857142857,44.950704973809394,75,2.0988260132260126,0.12115650656307651,-1.0963926878537558,1.1010362910418903,0.072,0.0,0.0,0.0,-1.0963926878537558,1.1010362910418903,0.0
-35.0,0.04757142857142857,44.950704973809394,90,2.0988260132260126,0.12115650656307651,-1.0963926878537558,1.1010362910418903,0.072,0.0,0.0,0.0,-1.0963926878537558,1.1010362910418903,0.0
-35.0,0.04342857142857143,44.950704973809394,60,2.130716511071028,0.12115650656307651,-1.1298587747138016,0.9395479501975454,0.072,0.0,0.0,0.0,-1.1298587747138016,0.9395479501975454,0.0
-35.0,0.04342857142857143,44.950704973809394,75,2.130716511071028,0.12115650656307651,-1.1298587747138016,0.9395479501975454,0.072,0.0,0.0,0.0,-1.1298587747138016,0.9395479501975454,0.0
-35.0,0.04342857142857143,44.950704973809394,90,2.130716511071028,0.12115650656307651,-1.1298587747138016,0.9395479501975454,0.072,0.0,0.0,0.0,-1.1298587747138016,0.9395479501975454,0.0
15.0,0.039285714285714285,44.950704973809394,60,2.135919580466064,0.12115650656307651,-0.8329342714012105,-0.09658762118730879,0.072,0.0,0.0,0.0,-0.8329342714012105,-0.09658762118730879,0.0
5.0,0.055857142857142855,44.950704973809394,90,2.1534012181394417,0.12115650656307651,-0.85556108963588,-0.09271672857778575,0.072,0.0,0.0,0.0,-0.85556108963588,-0.09271672857778575,0.0
-5.0,0.04757142857142857,44.950704973809394,90,2.158000989581219,0.12115650656307651,-0.5624174765883132,-0.48856303188172984,0.072,0.0,0.0,0.0,-0.5624174765883132,-0.48856303188172984,0.0
15.0,0.05171428571428571,44.950704973809394,75,2.1904166440258757,0.12115650656307651,2.867708565676446,-0.14437309830509967,0.072,0.0,0.0,0.0,2.867708565676446,-0.14437309830509967,0.0
15.0,0.04757142857142857,44.950704973809394,60,2.2267854559897415,0.07524603023390271,0.42641713621509736,-1.1233689990316718,0.352481178881969,0.6277782240333663,-0.5357939334267492,-4.315300610863693,0.4736549554408978,-1.1636853655454427,0.0
45.0,0.06,44.950704973809394,75,2.262439164848642,0.12115650656307651,2.1359546289414664,-0.9565883715353815,0.072,0.0,0.0,0.0,2.1359546289414664,-0.9565883715353815,0.0
-15.0,0.05171428571428571,44.950704973809394,60,2.266542303769337,0.12115650656307651,-0.7820705140025302,-0.4005137264228332,0.072,0.0,0.0,0.0,-0.7820705140025302,-0.4005137264228332,0.0
-15.0,0.05171428571428571,44.950704973809394,75,2.266542303769337,0.12115650656307651,-0.7820705140025302,-0.4005137264228332,0.072,0.0,0.0,0.0,-0.7820705140025302,-0.4005137264228332,0.0
-15.0,0.05171428571428571,44.950704973809394,90,2.266542303769337,0.12115650656307651,-0.7820705140025302,-0.4005137264228332,0.072,0.0,0.0,0.0,-0.7820705140025302,-0.4005137264228332,0.0
15.0,0.06,44.950704973809394,60,2.2757799300424333,0.12115650656307651,-0.969024945759281,-0.14110256022918596,0.072,0.0,0.0,0.0,-0.969024945759281,-0.14110256022918596,0.0
15.0,0.06,44.950704973809394,75,2.2757799300424333,0.12115650656307651,-0.969024945759281,-0.14110256022918596,0.072,0.0,0.0,0.0,-0.969024945759281,-0.14110256022918596,0.0
15.0,0.06,44.950704973809394,90,2.2757799300424333,0.12115650656307651,-0.969024945759281,-0.14110256022918596,0.072,0.0,0.0,0.0,-0.969024945759281,-0.14110256022918596,0.0
25.0,0.04342857142857143,44.950704973809394,75,2.2888156383703944,0.12115650656307651,-0.9435782122786346,-0.20879310024696196,0.072,0.0,0.0,0.0,-0.9435782122786346,-0.20879310024696196,0.0
-45.0,0.05171428571428571,44.950704973809394,60,2.296236769396493,0.12115650656307651,2.9583544822030046,-0.19897915876959493,0.072,0.0,0.0,0.0,2.9583544822030046,-0.19897915876959493,0.0
-45.0,0.05171428571428571,44.950704973809394,75,2.296236769396493,0.12115650656307651,2.9583544822030046,-0.19897915876959493,0.072,0.0,0.0,0.0,2.9583544822030046,-0.19897915876959493,0.0
-45.0,0.05171428571428571,44.950704973809394,90,2.296236769396493,0.12115650656307651,2.9583544822030046,-0.19897915876959493,0.072,0.0,0.0,0.0,2.9583544822030046,-0.19897915876959493,0.0
-15.0,0.039285714285714285,44.950704973809394,90,2.3057931019361253,0.12115650656307651,-1.23619105235121,0.43774435856933763,0.072,0.0,0.0,0.0,-1.23619105235121,0.43774435856933763,0.0
-15.0,0.039285714285714285,44.950704973809394,75,2.3077478333693517,0.12115650656307651,-1.2387906321290592,0.44007449789091985,0.072,0.0,0.0,0.0,-1.2387906321290592,0.44007449789091985,0.0
-15.0,0.039285714285714285,44.950704973809394,60,2.3125875546159644,0.12115650656307651,-1.244535977597946,0.4431163110369645,0.072,0.0,0.0,0.0,-1.244535977597946,0.4431163110369645,0.0
25.0,0.04757142857142857,44.950704973809394,60,2.3201781170016154,0.12115650656307651,-0.46759137633701947,-0.7970537128072648,0.072,0.0,0.0,0.0,-0.46759137633701947,-0.7970537128072648,0.0
25.0,0.04757142857142857,44.950704973809394,75,2.3210974853840836,0.12115650656307651,-0.46580368244587195,-0.7996980583376861,0.072,0.0,0.0,0.0,-0.46580368244587195,-0.7996980583376861,0.0
25.0,0.04757142857142857,44.950704973809394,90,2.3355674565560096,0.12115650656307651,-0.4848261281193532,-0.8028218751106824,0.072,0.0,0.0,0.0,-0.4848261281193532,-0.8028218751106824,0.0
15.0,0.05171428571428571,44.950704973809394,90,2.35868599947351,0.12115650656307651,2.980268450663014,-0.2813807035463962,0.072,0.0,0.0,0.0,2.980268450663014,-0.2813807035463962,0.0
-25.0,0.05171428571428571,44.950704973809394,60,2.3837180513478184,0.12115650656307651,-1.373768000090692,0.7824287931115967,0.072,0.0,0.0,0.0,-1.373768000090692,0.7824287931115967,0.0
-25.0,0.05171428571428571,44.950704973809394,75,2.3837180513478184,0.12115650656307651,-1.373768000090692,0.7824287931115967,0.072,0.0,0.0,0.0,-1.373768000090692,0.7824287931115967,0.0
-25.0,0.05171428571428571,44.950704973809394,90,2.3837180513478184,0.12115650656307651,-1.373768000090692,0.7824287931115967,0.072,0.0,0.0,0.0,-1.373768000090692,0.7824287931115967,0.0
25.0,0.04342857142857143,44.950704973809394,90,2.392341800345887,0.12115650656307651,-1.0575449643461394,-0.2205769166160905,0.072,0.0,0.0,0.0,-1.0575449643461394,-0.2205769166160905,0.0
-15.0,0.04757142857142857,44.950704973809394,60,2.427461998455802,0.12115650656307651,-1.0367532087497433,-0.3206847165749515,0.072,0.0,0.0,0.0,-1.0367532087497433,-0.3206847165749515,0.0
-15.0,0.04757142857142857,44.950704973809394,75,2.427461998455802,0.12115650656307651,-1.0367532087497433,-0.3206847165749515,0.072,0.0,0.0,0.0,-1.0367532087497433,-0.3206847165749515,0.0
-15.0,0.04757142857142857,44.950704973809394,90,2.427461998455802,0.12115650656307651,-1.0367532087497433,-0.3206847165749515,0.072,0.0,0.0,0.0,-1.0367532087497433,-0.3206847165749515,0.0
-5.0,0.04342857142857143,44.950704973809394,90,2.4451818931741145,0.12115650656307651,-1.2933791286802128,0.151868723109132,0.072,0.0,0.0,0.0,-1.2933791286802128,0.151868723109132,0.0
-5.0,0.04342857142857143,44.950704973809394,60,2.4454768499101602,0.12115650656307651,-1.2937412916874524,0.15199769442854927,0.072,0.0,0.0,0.0,-1.2937412916874524,0.15199769442854927,0.0
-5.0,0.04342857142857143,44.950704973809394,75,2.4454889356246596,0.12115650656307651,-1.293753321855676,0.1519953816525039,0.072,0.0,0.0,0.0,-1.293753321855676,0.1519953816525039,0.0
15.0,0.05171428571428571,44.950704973809394,60,2.4599785767295104,0.12115650656307651,3.1243648617530795,-0.2403904756635979,0.072,0.0,0.0,0.0,3.1243648617530795,-0.2403904756635979,0.0
-5.0,0.04757142857142857,44.950704973809394,75,2.509156817317444,0.12115650656307651,-0.916960476977093,-0.6189905693358317,0.072,0.0,0.0,0.0,-0.916960476977093,-0.6189905693358317,0.0
5.0,0.06,44.950704973809394,60,2.5610814940850974,0.12115650656307651,3.4665285717000716,0.31052539979172467,0.072,0.0,0.0,0.0,3.4665285717000716,0.31052539979172467,0.0
-45.0,0.04757142857142857,44.950704973809394,60,2.6241204209010833,0.12115650656307651,2.4148505388223165,-1.2100239673325446,0.072,0.0,0.0,0.0,2.4148505388223165,-1.2100239673325446,0.0
-45.0,0.04757142857142857,44.950704973809394,75,2.6241204209010833,0.12115650656307651,2.4148505388223165,-1.2100239673325446,0.072,0.0,0.0,0.0,2.4148505388223165,-1.2100239673325446,0.0
-45.0,0.04757142857142857,44.950704973809394,90,2.6241204209010833,0.12115650656307651,2.4148505388223165,-1.2100239673325446,0.072,0.0,0.0,0.0,2.4148505388223165,-1.2100239673325446,0.0
-15.0,0.06,44.950704973809394,60,2.8418280340120345,0.12115650656307651,-1.7256574044113573,0.19577472765757475,0.072,0.0,0.0,0.0,-1.7256574044113573,0.19577472765757475,0.0
-15.0,0.06,44.950704973809394,75,2.8418280340120345,0.12115650656307651,-1.7256574044113573,0.19577472765757475,0.072,0.0,0.0,0.0,-1.7256574044113573,0.19577472765757475,0.0
-15.0,0.06,44.950704973809394,90,2.8418280340120345,0.12115650656307651,-1.7256574044113573,0.19577472765757475,0.072,0.0,0.0,0.0,-1.7256574044113573,0.19577472765757475,0.0
15.0,0.055857142857142855,44.950704973809394,60,2.9247765187727937,0.12115650656307651,-1.7165301237805077,-0.08387350339315976,0.072,0.0,0.0,0.0,-1.7165301237805077,-0.08387350339315976,0.0
15.0,0.055857142857142855,44.950704973809394,75,2.9247765187727937,0.12115650656307651,-1.7165301237805077,-0.08387350339315976,0.072,0.0,0.0,0.0,-1.7165301237805077,-0.08387350339315976,0.0
15.0,0.055857142857142855,44.950704973809394,90,2.9247765187727937,0.12115650656307651,-1.7165301237805077,-0.08387350339315976,0.072,0.0,0.0,0.0,-1.7165301237805077,-0.08387350339315976,0.0
-35.0,0.06,44.950704973809394,60,2.9591571878711855,0.12115650656307651,1.576327923362075,-1.902491582637728,0.072,0.0,0.0,0.0,1.576327923362075,-1.902491582637728,0.0
-35.0,0.06,44.950704973809394,75,2.9591571878711855,0.12115650656307651,1.576327923362075,-1.902491582637728,0.072,0.0,0.0,0.0,1.576327923362075,-1.902491582637728,0.0
-35.0,0.06,44.950704973809394,90,2.9591571878711855,0.12115650656307651,1.576327923362075,-1.902491582637728,0.072,0.0,0.0,0.0,1.576327923362075,-1.902491582637728,0.0
-15.0,0.04342857142857143,44.950704973809394,60,2.9837091139896232,0.12115650656307651,-1.9457261018150362,0.5254288146227866,0.072,0.0,0.0,0.0,-1.9457261018150362,0.5254288146227866,0.0
-15.0,0.04342857142857143,44.950704973809394,75,2.9837091139896232,0.12115650656307651,-1.9457261018150362,0.5254288146227866,0.072,0.0,0.0,0.0,-1.9457261018150362,0.5254288146227866,0.0
-15.0,0.04342857142857143,44.950704973809394,90,2.9837091139896232,0.12115650656307651,-1.9457261018150362,0.5254288146227866,0.072,0.0,0.0,0.0,-1.9457261018150362,0.5254288146227866,0.0
-15.0,0.055857142857142855,44.950704973809394,60,2.9923582362946184,0.12115650656307651,-1.771700996790848,-0.12777719373502988,0.072,0.0,0.0,0.0,-1.771700996790848,-0.12777719373502988,0.0
-15.0,0.055857142857142855,44.950704973809394,75,2.9923582362946184,0.12115650656307651,-1.771700996790848,-0.12777719373502988,0.072,0.0,0.0,0.0,-1.771700996790848,-0.12777719373502988,0.0
-15.0,0.055857142857142855,44.950704973809394,90,2.9923582362946184,0.12115650656307651,-1.771700996790848,-0.12777719373502988,0.072,0.0,0.0,0.0,-1.771700996790848,-0.12777719373502988,0.0
-45.0,0.055857142857142855,44.950704973809394,60,3.2214878455246905,0.12115650656307651,4.077770682852848,0.04852138088403453,0.072,0.0,0.0,0.0,4.077770682852848,0.04852138088403453,0.0
-45.0,0.055857142857142855,44.950704973809394,75,3.2214878455246905,0.12115650656307651,4.077770682852848,0.04852138088403453,0.072,0.0,0.0,0.0,4.077770682852848,0.04852138088403453,0.0
-45.0,0.055857142857142855,44.950704973809394,90,3.2214878455246905,0.12115650656307651,4.077770682852848,0.04852138088403453,0.072,0.0,0.0,0.0,4.077770682852848,0.04852138088403453,0.0
45.0,0.05171428571428571,44.950704973809394,60,3.229050061671266,0.12115650656307651,-1.8939722347276848,-0.4323718111595379,0.072,0.0,0.0,0.0,-1.8939722347276848,-0.4323718111595379,0.0
45.0,0.05171428571428571,44.950704973809394,75,3.230952197623155,0.12115650656307651,-1.8963285412860131,-0.43189841967156684,0.072,0.0,0.0,0.0,-1.8963285412860131,-0.43189841967156684,0.0
45.0,0.05171428571428571,44.950704973809394,90,3.2332713815889567,0.12115650656307651,-1.8988029452873256,-0.4321261506570172,0.072,0.0,0.0,0.0,-1.8988029452873256,-0.4321261506570172,0.0
35.0,0.06,44.950704973809394,75,3.240325306082623,0.12115650656307651,4.240169613766679,1.031764182069366,0.072,0.0,0.0,0.0,4.240169613766679,1.031764182069366,0.0
5.0,0.055857142857142855,44.950704973809394,75,3.2441229418280466,0.12115650656307651,-1.6084054948364952,-0.9288738777332849,0.072,0.0,0.0,0.0,-1.6084054948364952,-0.9288738777332849,0.0
5.0,0.05171428571428571,44.950704973809394,60,3.4203298832951834,0.12115650656307651,-0.021058533333632713,-2.264367623609298,0.072,0.0,0.0,0.0,-0.021058533333632713,-2.264367623609298,0.0
45.0,0.055857142857142855,44.950704973809394,60,3.588535911384224,0.12115650656307651,-2.0993199437974455,-0.8088133881839777,0.072,0.0,0.0,0.0,-2.0993199437974455,-0.8088133881839777,0.0
45.0,0.055857142857142855,44.950704973809394,75,3.588535911384224,0.12115650656307651,-2.0993199437974455,-0.8088133881839777,0.072,0.0,0.0,0.0,-2.0993199437974455,-0.8088133881839777,0.0
45.0,0.055857142857142855,44.950704973809394,90,3.588535911384224,0.12115650656307651,-2.0993199437974455,-0.8088133881839777,0.072,0.0,0.0,0.0,-2.0993199437974455,-0.8088133881839777,0.0
5.0,0.05171428571428571,44.950704973809394,75,3.635280726430928,0.12115650656307651,-1.6227741550931543,-1.5172051349334976,0.072,0.0,0.0,0.0,-1.6227741550931543,-1.5172051349334976,0.0
-45.0,0.06,44.950704973809394,60,3.644278830239241,0.12115650656307651,4.1991283458892905,-0.7453784744454545,0.072,0.0,0.0,0.0,4.1991283458892905,-0.7453784744454545,0.0
-45.0,0.06,44.950704973809394,75,3.644278830239241,0.12115650656307651,4.1991283458892905,-0.7453784744454545,0.072,0.0,0.0,0.0,4.1991283458892905,-0.7453784744454545,0.0
-45.0,0.06,44.950704973809394,90,3.644278830239241,0.12115650656307651,4.1991283458892905,-0.7453784744454545,0.072,0.0,0.0,0.0,4.1991283458892905,-0.7453784744454545,0.0
-25.0,0.06,44.950704973809394,60,3.6999858102389522,0.12115650656307651,-2.6975945051689507,1.1330032755761286,0.072,0.0,0.0,0.0,-2.6975945051689507,1.1330032755761286,0.0
-25.0,0.06,44.950704973809394,75,3.6999858102389522,0.12115650656307651,-2.6975945051689507,1.1330032755761286,0.072,0.0,0.0,0.0,-2.6975945051689507,1.1330032755761286,0.0
-25.0,0.06,44.950704973809394,90,3.6999858102389522,0.12115650656307651,-2.6975945051689507,1.1330032755761286,0.072,0.0,0.0,0.0,-2.6975945051689507,1.1330032755761286,0.0
35.0,0.04757142857142857,44.950704973809394,60,3.725056223374843,0.12115650656307651,-2.2118130266814124,-0.8868759760363777,0.072,0.0,0.0,0.0,-2.2118130266814124,-0.8868759760363777,0.0
35.0,0.04757142857142857,44.950704973809394,75,3.732718398809347,0.12115650656307651,-2.216835424867015,-0.8934509484352815,0.072,0.0,0.0,0.0,-2.216835424867015,-0.8934509484352815,0.0
35.0,0.04757142857142857,44.950704973809394,90,3.743894620835293,0.12115650656307651,-2.2267955393035526,-0.8985619503851165,0.072,0.0,0.0,0.0,-2.2267955393035526,-0.8985619503851165,0.0
5.0,0.05171428571428571,44.950704973809394,90,3.785154323678236,0.12115650656307651,-2.1096353898645734,-1.1581383171988415,0.072,0.0,0.0,0.0,-2.1096353898645734,-1.1581383171988415,0.0
35.0,0.06,44.950704973809394,60,3.8070347856916227,0.12115650656307651,4.763732457450912,1.5725660208190673,0.072,0.0,0.0,0.0,4.763732457450912,1.5725660208190673,0.0
35.0,0.06,44.950704973809394,90,3.8558009931267296,0.12115650656307651,4.842694261881315,1.3176509220850674,0.072,0.0,0.0,0.0,4.842694261881315,1.3176509220850674,0.0
5.0,0.06,44.950704973809394,75,3.9134850872408125,0.12115650656307651,3.85109554476183,-1.6807871461000916,0.072,0.0,0.0,0.0,3.85109554476183,-1.6807871461000916,0.0
-25.0,0.04757142857142857,44.950704973809394,60,4.026361932558749,0.12115650656307651,-2.8934424426595338,-0.026009920836823318,0.072,0.0,0.0,0.0,-2.8934424426595338,-0.026009920836823318,0.0
-5.0,0.04757142857142857,44.950704973809394,60,4.0367093120115936,0.12115650656307651,-2.2448458672581633,-1.4012491264795344,0.072,0.0,0.0,0.0,-2.2448458672581633,-1.4012491264795344,0.0
35.0,0.05171428571428571,44.950704973809394,60,4.0554895705312495,0.12115650656307651,-2.705674997196028,-0.6477161381269387,0.072,0.0,0.0,0.0,-2.705674997196028,-0.6477161381269387,0.0
35.0,0.05171428571428571,44.950704973809394,75,4.0554895705312495,0.12115650656307651,-2.705674997196028,-0.6477161381269387,0.072,0.0,0.0,0.0,-2.705674997196028,-0.6477161381269387,0.0
35.0,0.05171428571428571,44.950704973809394,90,4.0554895705312495,0.12115650656307651,-2.705674997196028,-0.6477161381269387,0.072,0.0,0.0,0.0,-2.705674997196028,-0.6477161381269387,0.0
-25.0,0.055857142857142855,44.950704973809394,60,4.189103481131623,0.12115650656307651,-3.189055618058021,0.9799749046040942,0.072,0.0,0.0,0.0,-3.189055618058021,0.9799749046040942,0.0
-25.0,0.055857142857142855,44.950704973809394,75,4.189103481131623,0.12115650656307651,-3.189055618058021,0.9799749046040942,0.072,0.0,0.0,0.0,-3.189055618058021,0.9799749046040942,0.0
-25.0,0.055857142857142855,44.950704973809394,90,4.189103481131623,0.12115650656307651,-3.189055618058021,0.9799749046040942,0.072,0.0,0.0,0.0,-3.189055618058021,0.9799749046040942,0.0
5.0,0.06,44.950704973809394,90,4.452853256567731,0.12115650656307651,4.3558741493053414,-1.9238445662622317,0.072,0.015463978045602289,-0.006443007154040004,0.0,4.357747710862915,-1.924625178500776,0.0
-25.0,0.04757142857142857,44.950704973809394,75,5.326191030039233,0.12115650656307651,-4.164380547906219,-0.0036722709589598517,0.072,-0.5416501532518225,-0.03283210158300062,0.0,-4.230004988253564,-0.007650093689880262,0.0
-25.0,0.04757142857142857,44.950704973809394,90,5.346605466627555,0.12115650656307651,-4.232818590981823,0.32829537208046156,0.072,-0.5911681631542365,0.012959798470020267,0.0,-4.3044424604209,0.3298655359888507,0.0
